Country/Region,Last updated,Count for DPI-like data exchange system,Data exchange system name,URL,Status of implementation,Base technical architecture,National/ Regional,Sector-specific/ Cross-sectoral,Semantic interoperability,Real-time sharing,Scalable technology architecture,Governing entity,Ownership,Enrolment and participation information,Permitted participants,Audit mechanism,Procedural rules for data mgmt.,Coordination unit,Used by more than one public entity,Impact metrics
Algeria,01/10/24,0,Government Portal of Public Services,https://bawabatic.dz/?&lang=en,Implemented,NA,NA,NA,NA,NA,NA,NA,NA,NA,NA,NA,NA,NA,NA,NA
Angola,01/10/24,1,SEPE,https://www.sepeadmin.gov.ao/ao/conteudos/index.php?id=9,Implemented,ESB,National,Cross-sectoral,NA,NA,NA,Ministério das Telecomunicações e Tecnologias de Informação,Public,Yes,Public,NA,NA,Ministério das Telecomunicações e Tecnologias de Informação,Yes,NA
Benin,10/12/25,1,X-Road BJ,https://xroad.bj/,Implemented,UXP,National,Cross-sectoral,Yes,Yes,Yes,National Interporability Committee,NA,Yes,"Public, Private",Yes,Yes,Information Systems and Digital Agency,Yes,Yes
Botswana,01/10/24,1,Data Exchange System,https://cms2.gov.bw/ministries/shared-digital-services,Implemented,NA,National,Cross-sectoral,NA,NA,NA,"Department of Shared Digital Services in the Ministry of Comunications, Knowledge and Technology",Public,NA,NA,NA,NA,"Department of Shared Digital Services in the Ministry of Comunications, Knowledge and Technology",Yes,NA
British Indian Ocean Territory,,0,NA,NA,NA,NA,NA,NA,NA,NA,NA,NA,NA,NA,NA,NA,NA,NA,NA,NA
Burkina Faso,01/10/24,1,Data Exchange System,https://projects.worldbank.org/en/projects-operations/project-detail/P155645,Implemented,NA,National,Cross-sectoral,Yes,NA,NA,"Project Steering Committee, chaired by the Ministry of Digital Economy and Posts (MDENP).",Public,NA,NA,Yes,NA,Agence Nationale de Promotion des TIC,Yes,NA
Burundi,01/10/24,0,Data Exchange System,https://projects.worldbank.org/en/projects-operations/project-detail/P155645,Planned/Piloted,NA,NA,NA,NA,NA,NA,"Secrétariat Exécutif des Technologies de l'Information et de la Communication (SETIC), Ministère des Finances, du Budget et de la Planification Economique (MFBPE), Ministère de la Communication, des Technologies de l’Information et des Médias (MINCOTIM)",Public,NA,NA,NA,NA,Secrétariat Exécutif des Technologies de l'Information et de la Communication (SETIC),NA,NA
Cabo Verde,01/10/24,0,Interoperable Cloud Governmental Platform,https://backend-ugpe.gov.cv/wp-content/uploads/2023/06/2023-07-10ToR_BlockChainPlatform-NOSI_FINAL.pdf,Planned/Piloted,Blockchain,National,Cross-sectoral,Yes,NA,Yes,NA,NA,NA,NA,NA,NA,NA,NA,NA
Cameroon,01/10/24,0,NA,NA,NA,NA,NA,NA,NA,NA,NA,NA,NA,NA,NA,NA,NA,NA,NA,NA
Central African Republic,01/10/24,0,Data Exchange System,https://documents1.worldbank.org/curated/en/283361648600399938/pdf/Central-African-Republic-Public-Sector-Digital-Governance-Project.pdf,Planned/Piloted,NA,NA,NA,NA,NA,NA,NA,NA,NA,NA,NA,NA,NA,NA,NA
Chad,01/10/24,0,Data Exchange System,https://documents1.worldbank.org/curated/en/099102502282341480/P180000048eed6040a13200ddaf8abe650.docx,Planned/Piloted,NA,National,Cross-sectoral,NA,NA,NA,Ministry of Telecommunications and Digital Economy,Public,NA,NA,NA,NA,Ministry of Telecommunications and Digital Economy,NA,NA
Comoros,01/10/24,0,Data Exchange System,https://anaden.org/actualites/portail-gouvernemental-7-outils-pour-vous-faciliter-la-vie,Planned/Piloted,NA,NA,NA,NA,NA,NA,ANADEN Agence Nationale de Développement du Numérique,Public,NA,NA,NA,NA,ANADEN Agence Nationale de Développement du Numérique,NA,NA
Congo,01/10/24,0,Data Exchange System,https://www.eib.org/en/projects/all/20200039,Planned/Piloted,NA,NA,NA,NA,NA,NA,NA,NA,NA,NA,NA,NA,NA,NA,NA
Côte d’Ivoire,01/10/24,0,IAN (Integrated Administration Network),https://www.ictworks.org/wp-content/uploads/2024/01/cote_divoire_e-overnment_strengthening_support_project.pdf,Planned/Piloted,NA,National,Cross-sectoral,NA,NA,NA,Project Coordination Unit (PCU) and a Steering Committee (COPIL),Public,NA,NA,Yes,NA,Ministry of Communication and Digital Economy,NA,NA
Democratic Republic of the Congo,01/10/24,0,Data Exchange System,https://vitalwave.com/wp-content/uploads/2023/10/Final-DRC_EAC-Digital-Strategy-National-Consultation-Brief-20230616.pdf,Implemented,NA,National,Sectoral (Health),NA,NA,NA,NA,NA,NA,NA,NA,NA,NA,NA,NA
Djibouti,01/10/24,0,Plateforme Nationale d'interopérabilité,https://www.ansie.dj/Pages/detailRubriquePages/58,Planned/Piloted,X-Road,National,Cross-sectoral,Yes,Yes,NA,Agence Nationale des Systèmes d’Information de l’État (ANSIE) inside of the Office of the President,Public,NA,NA,NA,NA,Agence Nationale des Systèmes d’Information de l’État (ANSIE),NA,NA
Egypt,01/10/24,1,G2G Services,https://mcit.gov.eg/en/Digital_Egypt,Implemented,NA,National,Cross-sectoral,NA,NA,Yes,Ministry of Communications and Information Technology (MCIT),Public,NA,Public,NA,NA,Ministry of Communications and Information Technology (MCIT),Yes,NA
Equatorial Guinea,01/10/24,0,NA,NA,NA,NA,NA,NA,NA,NA,NA,NA,NA,NA,NA,NA,NA,NA,NA,NA
Eritrea,01/10/24,0,NA,NA,NA,NA,NA,NA,NA,NA,NA,NA,NA,NA,NA,NA,NA,NA,NA,NA
Eswatini,01/10/24,0,Data Exchange System,https://documents1.worldbank.org/curated/en/099074503132323149/pdf/P17281301a0e1c01c0b32f093ce7cb40366.pdf,Planned/Piloted,NA,NA,NA,NA,NA,NA,e-Government Unit,Public,NA,NA,NA,NA,e-Government Unit,NA,NA
Ethiopia,01/10/24,0,Data Exchange Platform,https://insa.gov.et/web/en/home/-/asset_publisher/pi9r7rmM1Jez/content/id/184742?_com_liferay_asset_publisher_web_portlet_AssetPublisherPortlet_INSTANCE_pi9r7rmM1Jez_redirect=https%3A%2F%2Finsa.gov.et%2Fweb%2Fen%2Fhome%3Fp_p_id%3Dcom_liferay_asset_publisher_web_portlet_AssetPublisherPortlet_INSTANCE_pi9r7rmM1Jez%26p_p_lifecycle%3D0%26p_p_state%3Dnormal%26p_p_mode%3Dview%26_com_liferay_asset_publisher_web_portlet_AssetPublisherPortlet_INSTANCE_pi9r7rmM1Jez_cur%3D0%26p_r_p_resetCur%3Dfalse%26_com_liferay_asset_publisher_web_portlet_AssetPublisherPortlet_INSTANCE_pi9r7rmM1Jez_assetEntryId%3D184742,Planned/Piloted,X-Road,NA,NA,NA,NA,NA,Ministry of Innovation and Technology (MInT),Public,NA,NA,NA,NA,Information Network Security Administration (INSA),NA,NA
French Southern Territories,,0,NA,NA,NA,NA,NA,NA,NA,NA,NA,NA,NA,NA,NA,NA,NA,NA,NA,NA
Gabon,01/10/24,0,Data Exchange System,https://projects.worldbank.org/en/projects-operations/project-detail/P175987,Planned/Piloted,NA,NA,NA,NA,NA,NA,Minister of Economy and Participations,NA,NA,NA,NA,NA,Minister of Economy and Participations,NA,NA
Gambia,01/10/24,0,Planned/Piloted,https://mocde.gov.gm/,Planned/Piloted,NA,NA,NA,NA,NA,NA,Ministry of Information and Communication Infrastructure,Public,NA,NA,NA,NA,Ministry of Information and Communication Infrastructure,NA,NA
Ghana,01/10/24,0,Data Exchange System,https://moc.gov.gh/e-transform/,Planned/Piloted,NA,National,Cross-sectoral,Yes,NA,NA,Ministry of Communications and Digitalisation,Public,Yes,Public,Yes,Yes,Ministry of Communications and Digitalisation,NA,NA
Guinea,01/10/24,0,Data Exchange System,https://arab-digital-economy.org/language/en/3985,Implemented,NA,NA,NA,NA,NA,NA,NA,NA,NA,NA,NA,NA,NA,NA,NA
Guinea-Bissau,01/10/24,0,NA,https://thedocs.worldbank.org/en/doc/61714f214ed04bcd6e9623ad0e215897-0400012021/related/P177016084979202b08dd501a5690c82506.pdf,NA,NA,NA,NA,NA,NA,NA,NA,NA,NA,NA,NA,NA,NA,NA,NA
Kenya,01/10/24,0,Data Exchange System,https://www.biometricupdate.com/202312/estonia-to-support-kenyas-digital-govt-pursuits-with-324k-investment,Planned/Piloted,X-Road,NA,NA,NA,NA,NA,NA,NA,NA,NA,NA,NA,NA,NA,NA
Lesotho,01/10/24,1,Data Exchange System,"https://www.afdb.org/sites/all/libraries/pdf.js/web/viewer.html?file=https%3A%2F%2Fwww.afdb.org%2Fsites%2Fdefault%2Ffiles%2Fdocuments%2Fprojects-and-operations%2Flesotho_-_egovernment_infrastructure_-_project_completion_report.pdf#page=2&zoom=auto,-13,742",Implemented,NA,National,Cross-sectoral,NA,NA,NA,Ministry of Transport and Communications,Public,NA,NA,NA,NA,Ministry of Transport and Communications,NA,NA
Liberia,01/10/24,1,E-Liberia,https://eliberia.gov.lr/,Implemented,NA,National,Cross-sectoral,NA,NA,NA,Ministry of Post and Telecommunications (MoPT),Public,NA,NA,NA,NA,Ministry of Post and Telecommunications (MoPT,NA,NA
Libya,01/10/24,0,LIP-ROAD,https://www.gia.gov.ly/en/projects/digital-lab/,Planned/Piloted,X-Road,NA,NA,NA,NA,NA,NA,NA,NA,NA,NA,NA,General Information Authority,NA,NA
Madagascar,01/10/24,1,Data Exchange System,https://digital.gov.mg/2021/07/31/couche-securisee-dinteroperabilite/,Implemented,X-Road,National,Cross-sectoral,Yes,Yes,Yes,Comité National d’Interopérabilité (CNIOP),Public,Yes,Public,NA,Yes,Unite de Gouvernance Digitale,Yes,NA
Malawi,01/10/24,0,Data Exchange System,https://www.pppc.mw/procurement/reports-notices/request-for-bid-design-installation-and-commissioning-of-malawi-enterprise-architecture-and-interoperability-platform,Planned/Piloted,ESB,NA,NA,NA,NA,NA,Ministry of Information and Digitalization,Public,NA,NA,NA,NA,Ministry of Information and Digitalization,NA,NA
Mali,01/10/24,0,NA,https://www.usaid.gov/digital-development/mali-deca,NA,NA,NA,NA,NA,NA,NA,NA,NA,NA,NA,NA,NA,NA,NA,NA
Mauritania,01/10/24,0,Data Exchange System,https://mtnima.gov.mr/wp-content/uploads/2024/05/Strate%CC%81gie-VF-FR-21-05-2024.pdf,Planned/Piloted,NA,NA,NA,NA,NA,NA,"Ministère de la Transformation Numérique,
de l’Innovation et de la Modernisation
de l’Administration",Public,NA,NA,NA,NA,"Ministère de la Transformation Numérique,
de l’Innovation et de la Modernisation
de l’Administration",NA,NA
Mauritius,01/10/24,1,Infohighway,https://ih.govmu.org/,Implemented,X-Road,National,Cross-sectoral,Yes,Yes,Yes,E-Government Task Force,Public,NA,Public,NA,Yes,"Ministry of Information Technology, Communication and Innovation",Yes,Yes
Morocco,01/10/24,1,e-government Interoperability Platform,https://www.add.gov.ma/,Implemented,NA,National,Cross-sectoral,Yes,NA,NA,Agency for Digital Development (ADD),Public,NA,Public,Yes,Yes,Agency for Digital Development (ADD),Yes,NA
Mozambique,01/10/24,0,Data Exchange System,https://www.portaldogoverno.gov.mz,Planned/Piloted,ESB,National,NA,NA,NA,Yes,"Ministry of Science and
Technology (MOST),
National Institute of
Information and
Communication
Technologies (INTIC)",Public,NA,NA,NA,NA,INAGE - National Institute of Electronic Governance,NA,NA
Namibia,10/12/25,1,NamX,https://cyber.ee/resources/news/cybernetica-to-strengthen-fiscal-foundations-in-tunisia-with-secure-data-exchange/,Implemented,UXP,National,Cross-sectoral,NA,Yes,NA,Ministry of Information and Communication Technology,Public,NA,Public,NA,NA,Ministry of Information and Communication Technology,Yes,NA
Niger,01/10/24,0,NA,NA,NA,NA,NA,NA,NA,NA,NA,NA,NA,NA,NA,NA,NA,NA,NA,NA
Nigeria,01/10/24,1,NGEA (Nigeria Government Enterprise Architecture),https://academy.ng/wp-content/uploads/2023/05/Nigerian-Government-Enterprise-Architecture.pdf,Implemented,API Gateway,National,Cross-sectoral,Yes,Yes,Yes,NGEA Governing Committee,Public,Yes,Public,Yes,Yes,National Information Technology Development Agency (NITDA),Yes,NA
Rwanda,01/10/24,1,RGEA,https://www.risa.gov.rw/index.php?eID=dumpFile&t=f&f=65363&token=5adceb3b3e4c1e51069d1ab3335e3a6fbe2f4845,Implemented,ESB,National,Cross-sectoral,Yes,Yes,Yes,Rwanda Information Society Authority (RISA),Public,NA,Public,Yes,Yes,Rwanda Information Society Authority (RISA),Yes,NA
Sao Tome and Principe,01/10/24,0,Data Exchange System,https://projects.worldbank.org/en/projects-operations/project-detail/P177158,Planned/Piloted,NA,NA,NA,NA,NA,NA,"Ministry of Infrastructure, Natural Resources and Environment",Public,NA,NA,NA,NA,"Ministry of Infrastructure, Natural Resources and Environment",NA,NA
Senegal,01/10/24,0,ESS,https://senegalservices.sn/espace-senegal-services,Planned/Piloted,NA,National,Cross-sectoral,NA,NA,NA,Senegal Numérique SA,Public,NA,NA,NA,NA,Senegal Numérique SA,NA,NA
Seychelles,01/10/24,1,Data Exchange System,https://www.ict.gov.sc/Sections/NetworkOperationSection,Implemented,NA,National,Cross-sectoral,NA,NA,NA,"Department of Information, Communication and Technology",Public,NA,NA,NA,NA,"Department of Information, Communication and Technology",Yes,NA
Sierra Leone,01/10/24,0,Data Exchange System,https://www.dsti.gov.sl/wp-content/uploads/2023/07/Sierra-Leone-National-Innovation-and-Digital-Strategy.pdf,Planned/Piloted,NA,NA,NA,NA,NA,NA,National Digital Development Agency,Public,NA,NA,NA,NA,National Digital Development Agency,NA,NA
Somalia,01/10/24,0,Data Exchange System,https://moct.gov.so/en/e-government,Planned/Piloted,NA,National,Cross-sectoral,NA,NA,NA,MOCT,Public,NA,NA,NA,NA,E-Government Department at Ministry of Communications and Technology,NA,NA
South Africa,01/10/24,1,SITA,https://www.sita.co.za/,Implemented,ESB,National,Cross-sectoral,Yes,Yes,Yes,Government Information Technology Officer’s Council (GITOC) and SITA,Public,Yes,Public,Yes,Yes,State Information Technology Agency (SITA),Yes,Yes
South Sudan,01/10/24,0,Data Exchange System,https://mofp.gov.ss/wp-content/uploads/2023/11/MinistryofInformation-Hon.MichaelMakuei.pdf,NA,NA,NA,NA,NA,NA,NA,NA,NA,NA,NA,NA,NA,NA,NA,NA
Sudan,01/10/24,0,NA,NA,NA,NA,NA,NA,NA,NA,NA,NA,NA,NA,NA,NA,NA,NA,NA,NA
Tanzania,17/03/25,1,Jamii X-Change,https://jxrportaldemo.nida.go.tz/,Implemented,ESB,National,Cross-sectoral,Yes,Yes,Yes,e-Government Agency (eGA),Public,Yes,Public,Yes,Yes,e-Government Authority (eGA),Yes,NA
Togo,01/10/24,0,Data Exchange System,https://documents1.worldbank.org/curated/en/099060123101540900/pdf/P1788350df669c0f0bb0409949d24e6f0d.pdf,Planned/Piloted,NA,NA,NA,NA,NA,NA,Togo Digital Agency ATD,Public,NA,NA,NA,NA,Togo Digital Agency ATD,NA,NA
Tunisia,30/03/25,0,Unified Exchange Platform - UXP,https://cyber.ee/resources/news/UXP-tunisia-2024/,Planned/Piloted,UXP,National,Cross-sectoral,NA,Yes,NA,NA,Private,NA,Public,NA,NA,NA,Yes,NA
Uganda,01/10/24,1,UG Hub Systems Integration Platform,https://www.nita.go.ug/ughub,Implemented,WSO2,National,Cross-sectoral,Yes,NA,NA,National Information Technology Authority - Uganda,Public,NA,"Public, Private",Yes,Yes,NITA-U,Yes,Yes
Zambia,01/10/24,0,Data Exchange System,https://www.szi.gov.zm/wp-content/uploads/2024/03/Public-Service-ICT-Std_Data-Interoperability-2023.pdf,Planned/Piloted,NA,National,Cross-sectoral,Yes,Yes,Yes,SMART Zambia Institute in Office of the President,Public,NA,NA,NA,Yes,Electronic Government Division,Yes,NA
Zimbabwe,01/10/24,0,NA,NA,NA,NA,NA,NA,NA,NA,NA,NA,NA,NA,NA,NA,NA,NA,NA,NA
Afghanistan,01/10/24,0,NA,NA,NA,NA,NA,NA,NA,NA,NA,NA,NA,NA,NA,NA,NA,NA,NA,NA
Bangladesh,21/08/25,1,National E-Service Bus,https://www.digitalnation.eu/news-end/case-study-bangladesh-amp-x-road,Implemented,X-Road,National,Cross-sectoral,Yes,Yes,Yes,BNDA (Bangladesh National Digital Architecture),Public,NA,Public,NA,NA,BNDA (Bangladesh National Digital Architecture),Yes,Yes
Bhutan,01/10/24,0,Data Exchange System,https://www.undp.org/bhutan/publications/kingdom-bhutan-digital-development-and-transformation-strategy,Planned/Piloted,NA,National,Cross-sectoral,NA,NA,NA,GovTech Bhutan,Public,NA,NA,NA,NA,GovTech Bhutan,NA,NA
Brunei,01/10/24,1,One Government Private Cloud (OGPC),https://www.egnc.gov.bn/Pages/OGPC.aspx,Implemented,NA,National,Cross-sectoral,Yes,Yes,Yes,Ministry of Transport and Infocommunications,Public,NA,Public,Yes,Yes,E-Government National Centre (EGNC),Yes,NA
Cambodia,01/10/24,1,Cambodia Data Exchange (CamDX),https://camdx.gov.kh/,Implemented,X-Road,National,Cross-sectoral,Yes,Yes,Yes,Ministry of Economy and Finance,Public,Yes,"Public, Civil, Private",Yes,Yes,Ministry of Economy and Finance,Yes,Yes
China,01/10/24,0,National Integrated Big Data System (全国一体化政务大数据体系),https://www.gov.cn/zhengce/content/2022-10/28/content_5722322.htm,Planned/Piloted,NA,National,Cross-sectoral,NA,NA,NA,NA,Public,NA,NA,NA,NA,NA,NA,NA
"China, Hong Kong Special Administrative Region",01/10/24,1,Consented Data Exchange Gateway (CDEG),https://www.hkma.gov.hk/eng/news-and-media/press-releases/2024/08/20240826-3/,Implemented,NA,National,Cross-sectoral,Yes,NA,NA,Office of the Government Chief Information Officer (OGCIO),Public,NA,"Public, Private",NA,NA,Office of the Government Chief Information Officer (OGCIO),Yes,NA
"China, Macao Special Administrative Region",01/10/24,0,NA,NA,NA,NA,NA,NA,NA,NA,NA,NA,NA,NA,NA,NA,NA,NA,NA,NA
India,01/10/24,1,API Setu/DigiLocker,https://www.meity.gov.in/api-setu,Implemented,API Gateway,National,Cross-sectoral,Yes,Yes,Yes,Ministry of Electronics & Information Technology (MEITy),Public,NA,"Public, Civil, Private",NA,NA,National e-Governance Division,Yes,Yes
Indonesia,01/10/24,1,SPLP (Sistem Penghubung Layanan Pemerintah),https://splp.layanan.go.id/devportal/apis,Implemented,API Gateway,National,Cross-sectoral,Yes,Yes,Yes,Ministry of Communication and Information Technology of the Republic of Indonesia,Public,Yes,Public,NA,Yes,Ministry of Communication and Information Technology of the Republic of Indonesia,Yes,Yes
Iran,01/10/24,0,NA,http://en.cpdi.ir/Digital-Government,NA,NA,NA,NA,NA,NA,NA,Center for Progress and Development,NA,NA,NA,NA,NA,Digital Government Division,NA,NA
Japan,01/10/24,1,Government Interoperability Framework,https://www.digital.go.jp/policies/data_strategy_government_interoperability_framework,Implemented,NA,National,Cross-sectoral,Yes,Yes,Yes,Digital Agency,Public,Yes,Public,Yes,Yes,Digital Agency,Yes,NA
Kazakhstan,01/10/24,1,Smart Data Ukimet,https://www.nitec.kz/en/proekty/smart-data-ukimet,Implemented,NA,National,Cross-sectoral,Yes,NA,NA,"Ministry of Digital Development, Innovations and Aerospace Industry",Public,NA,Public,NA,NA,National Information Technologies (NITEC)),Yes,Yes
Kyrgyzstan,01/10/24,1,Tunduk,https://tunduk.gov.kg/en/pages/2-information-systems#C2,Implemented,X-Road,National,Cross-sectoral,Yes,Yes,Yes,Tunduk State Agency,Public,Yes,Public,Yes,Yes,Ministry of Digital Development,Yes,Yes
Laos,01/10/24,1,GovX,https://www.undp.org/laopdr/press-releases/gov-x-one-stop-mobile-application-public-e-services,Implemented,UXP,National,Cross-sectoral,NA,NA,NA,Minister of Technology and Communications,Public,NA,"Public, Civil",NA,NA,Minister of Technology and Communications,NA,NA
Malaysia,01/10/24,1,Malaysian Government Central Data Exchange (MyGDX),https://www.mygdx.gov.my/en/landing-page/theme?theme=second-theme&uuid=&year=,Implemented,UXP,National,Cross-sectoral,Yes,Yes,Yes,Malaysian Administration Modernization and Management Planning Unit (MAMPU),Public,Yes,Public,Yes,Yes,Malaysian Administration Modernization and Management Planning Unit (MAMPU),Yes,Yes
Maldives,01/10/24,1,oneGov,https://one.gov.mv/,Implemented,UXP,National,Cross-sectoral,NA,NA,NA,National Centre for Information Technology,Public,Yes,"Public, Civil, Private",NA,NA,OneGov,Yes,NA
Mongolia,01/10/24,0,Data Exchange System,https://public.digital/pd-insights/signals/signals-5/delivering-in-mongolia,Planned/Piloted,X-Road,National,Cross-sectoral,NA,NA,NA,Ministry of Digital Development and Communications (earlier CITA),Public,NA,Public,NA,NA,Ministry of Digital Development and Communications (earlier CITA),NA,NA
Myanmar,01/10/24,1,Government Private Cloud,https://myanmar.gov.mm/technology/-/asset_publisher/eKE5roPuHmgO/content/%25E1%2580%2595%25E1%2580%25AD%25E1%2580%25AF%25E1%2580%25B7%25E1%2580%2586%25E1%2580%25B1%25E1%2580%25AC%25E1%2580%2584%25E1%2580%25BA%25E1%2580%259B%25E1%2580%25B1%25E1%2580%25B8%25E1%2580%2594%25E1%2580%25BE%25E1%2580%2584%25E1%2580%25BA%25E1%25-6?_com_liferay_asset_publisher_web_portlet_AssetPublisherPortlet_INSTANCE_eKE5roPuHmgO_redirect=https%3A%2F%2Fmyanmar.gov.mm%2Ftechnology%3Fp_p_id%3Dcom_liferay_asset_publisher_web_portlet_AssetPublisherPortlet_INSTANCE_eKE5roPuHmgO%26p_p_lifecycle%3D0%26p_p_state%3Dnormal%26p_p_mode%3Dview%26_com_liferay_asset_publisher_web_portlet_AssetPublisherPortlet_INSTANCE_eKE5roPuHmgO_cur%3D0%26p_r_p_resetCur%3Dfalse%26_com_liferay_asset_publisher_web_portlet_AssetPublisherPortlet_INSTANCE_eKE5roPuHmgO_assetEntryId%3D67878525,Implemented,NA,National,Cross-sectoral,NA,NA,NA,NA,Public,Yes,Public,NA,NA,Ministry of Techology and Communications,Yes,NA
Nepal,01/10/24,0,Government Cloud,https://nitc.gov.np/assets/img/fileSystem/download/23-07-27-021435-E%20Governance%20Master%20Plan-DoIT%202015-2019%20Draft%20(3).pdf,Planned/Piloted,NA,NA,NA,NA,NA,NA,Ministry of Science and Technology,NA,NA,NA,NA,NA,Department of Information and Technology,NA,NA
North Korea,01/10/24,0,NA,NA,NA,NA,NA,NA,NA,NA,NA,NA,NA,NA,NA,NA,NA,NA,NA,NA
Pakistan,01/10/24,1,Data Exchange System,https://www.nitb.gov.pk/Detail/OTEyODc1YTYtMTQ3Mi00MmEyLTgwM2ItMDQ3YjAwYmVhN2M4,Implemented,NA,National,Cross-sectoral,NA,NA,NA,National Information Technology Board,Public,NA,Public,NA,NA,National Information Technology Board (NITB),NA,NA
Philippines,26/03/25,1,eGovDX,https://dict.gov.ph/egov-digital-platforms?q=Data%20exchange,Implemented,NA,National,Cross-sectoral,Yes,NA,NA,Department of Information and Communications Technology,Public,NA,NA,NA,NA,Department of Information and Communications Technology,NA,NA
Singapore,01/10/24,1,APEX Cloud,https://www.developer.tech.gov.sg/products/categories/data-and-apis/apex-cloud/overview.html,Implemented,API Gateway,National,Cross-sectoral,Yes,Yes,Yes,Smart Nation and Digital Government Group (SNDGG),Public,Yes,"Public, Civil, Private",Yes,Yes,Government Technology Agency of Singapore (GovTech),Yes,NA
South Korea,18/09/25,0,National Data Sharing Platform,https://thedocs.worldbank.org/en/doc/61714f214ed04bcd6e9623ad0e215897-0400012021/related/S2-Korea-s-Digital-Platform-Government.pdf,Planned/Piloted,NA,NA,Cross-sectoral,Yes,NA,NA,National Information Society Agency,Public,NA,NA,NA,NA,National Information Society Agency,NA,NA
Sri Lanka,09/07/24,0,National Data Exchange (NDX),https://www.citralab.lk/work/developing-sri-lankas-national-data-exchange-ndx,Planned/Piloted,NA,National,Cross-sectoral,NA,NA,Yes,Information and Communication Technology Agency of Sri Lanka (ICTA),Public,NA,NA,NA,NA,Information and Communication Technology Agency of Sri Lanka (ICTA),NA,Yes
Taiwan,01/10/24,1,T-Road,https://public.digital/pd-insights/blog/2023/08/show-the-thing-3-taiwans-t-road-an-integrated-data-transfer-platform,Implemented,X-Road,National,Cross-sectoral,Yes,Yes,Yes,Ministry of Digital Affairs,Public,NA,Public,Yes,NA,Ministry of Digital Affairs,Yes,Yes
Tajikistan,01/10/24,0,Single Window System,http://www.swcustoms.tj/,Implemented,NA,National,Sectoral (Trade),NA,NA,NA,Customs Service of the Government of Tajikistan,Public,Yes,"Public, Private",NA,NA,Customs Service of the Government of Tajikistan,Yes,NA
Thailand,01/10/24,1,Government Data Exchange (GDX),https://www.dga.or.th/our-services/digital-platform-services/gdx/,Implemented,API Gateway,National,Cross-sectoral,Yes,Yes,Yes,Digital Government Development Agency (DGA),Public,Yes,Public,Yes,Yes,Digital Government Development Agency (DGA),Yes,Yes
Timor-Leste,01/10/24,0,Data Exchange System,https://www.adb.org/sites/default/files/project-documents/55338/55338-001-ipsa-en.pdf,Planned/Piloted,NA,NA,NA,NA,NA,NA,NA,NA,NA,NA,NA,NA,NA,NA,NA
Turkmenistan,01/10/24,0,Electronic data interchange system,https://www.undp.org/turkmenistan/projects/assistance-implementation-pilot-system-interdepartmental-electronic-information-exchange-turkmenistan,Planned/Piloted,X-Road,National,Cross-sectoral,NA,NA,NA,Turkmenaragatnashyk Agency,Public,NA,NA,NA,NA,Agency of Transport and Communications,NA,NA
Uzbekistan,01/10/24,1,Data Exchange System,https://e-gov.uz/en/activity/e-government-infrastructure-2,Implemented,NA,National,Cross-sectoral,NA,NA,NA,Ministry of Digital Technologies,Public,NA,NA,NA,NA,Ministry of Digital Technologies,Yes,NA
Vietnam,01/10/24,1,National Data Exchange Platform (NDXP) / Vietnam Data Exchange Platform (VDXP),https://vietnamnet.vn/en/connections-sharing-of-data-via-national-data-exchange-platform-to-be-promoted-821274.html,Implemented,X-Road,National,Cross-sectoral,Yes,Yes,Yes,Ministry of Information and Communications,Public,Yes,Public,NA,NA,Ministry of Information and Communications,Yes,Yes
Antigua and Barbuda,01/10/24,0,NA,NA,NA,NA,NA,NA,NA,NA,NA,NA,NA,NA,NA,NA,NA,NA,NA,NA
Bahamas,01/10/24,0,Data Exchange System,https://www.iadb.org/en/project/BH-L1045,Planned/Piloted,NA,NA,NA,NA,NA,NA,NA,Public,NA,NA,NA,NA,Department of Transformation and Digitization,NA,NA
Barbados,01/10/24,0,Government Service Bus,https://www.nrdcompanies.com/insights/barbados-launches-public-e-services-platform/,Planned/Piloted,ESB,National,Cross-sectoral,NA,NA,NA,NA,"Public, Private",NA,NA,NA,NA,"Ministry of Innovation, Science & Smart Technology with a private company: NRD Companies",NA,NA
"Bonaire, Sint Eustatius and Saba",01/10/24,0,Data Exchange System,https://www.nldigitalgovernment.nl/news/bsn-and-digital-government-login-for-the-caribbean-netherlands/,Implemented,Dutch Data Exchange System,NA,NA,NA,NA,NA,NA,NA,NA,NA,NA,NA,NA,NA,NA
Cuba,01/10/24,0,NA,https://www.undp.org/sites/g/files/zskgke326/files/2022-09/PADIT_Gu%C3%ADa%20para%20la%20gesti%C3%B3n%20%20de%20gobierno%20digital%20en%20municipios%20cubanos.pdf,NA,NA,NA,NA,NA,NA,NA,NA,NA,NA,NA,NA,NA,NA,NA,NA
Curaçao,01/10/24,0,NA,NA,NA,NA,NA,NA,NA,NA,NA,NA,NA,NA,NA,NA,NA,NA,NA,NA
Dominica,01/10/24,0,Data Exchange System,https://cardtp.gov.dm/about-the-project/project-components/component-2-digital-government-infrastructure-platforms-and-services,Planned/Piloted,NA,NA,NA,NA,NA,NA,NA,NA,NA,NA,NA,NA,Government of the Commonwealth of Dominica (GoCD),NA,NA
Dominican Republic,01/10/24,0,Plataforma Única de Interoperabilidad,https://ogtic.gob.do/wp-content/uploads/2022/12/NORTIC-A4_2022.pdf,Planned/Piloted,X-Road,National,Cross-sectoral,Yes,Yes,Yes,"Oficina Gubernamental de Tecnologías de la Información y Comunicación
(OGTIC)
Dirección de Transformación Digital Gubernamental",Public,Yes,Public,Yes,Yes,"Oficina Gubernamental de Tecnologías de la Información y Comunicación
(OGTIC)",Yes,NA
Grenada,01/10/24,0,Data Exchange System,https://documents1.worldbank.org/curated/en/370621567389621226/pdf/Grenada-Digital-Government-for-Resilience-Project.pdf,Planned/Piloted,NA,NA,NA,NA,NA,NA,"Ministry of Infrastructure Development, Public Utilities, Energy, Transport and
Implementation",NA,NA,NA,NA,NA,"Ministry of Infrastructure Development, Public Utilities, Energy, Transport and
Implementation",NA,NA
Guadeloupe,01/10/24,0,NA,NA,NA,NA,NA,NA,NA,NA,NA,NA,NA,NA,NA,NA,NA,NA,NA,NA
Haiti,01/10/24,0,NA,https://blogs.iadb.org/administracion-publica/en/digitalizing-public-service-delivery-in-haiti-challenges-and-opportunities/,NA,NA,NA,NA,NA,NA,NA,NA,NA,NA,NA,NA,NA,NA,NA,NA
Jamaica,01/10/24,0,JDXP (Jamaica Data Exchange Platform),https://www.jamaicaobserver.com/2024/03/14/jamaica-data-exchange-platform-final-stages-development/,Planned/Piloted,NA,National,Cross-sectoral,NA,NA,NA,NA,Public,NA,"Public, Private",NA,NA,eGov Jamaica Limited,NA,NA
Martinique,01/10/24,0,NA,NA,NA,NA,NA,NA,NA,NA,NA,NA,NA,NA,NA,NA,NA,NA,NA,NA
Puerto Rico,01/10/24,1,IDEAL,https://www.prits.pr.gov/ideal,Implemented,NA,National,Cross-sectoral,NA,Yes,NA,PRITS,Public,Yes,"Public, Civil, Private",NA,Yes,PRITS (Puerto Rico Inovation and Technology Service),NA,NA
Saint Barthélemy,01/10/24,0,NA,NA,NA,NA,NA,NA,NA,NA,NA,NA,NA,NA,NA,NA,NA,NA,NA,NA
Saint Kitts and Nevis,01/10/24,0,NA,NA,NA,NA,NA,NA,NA,NA,NA,NA,NA,NA,NA,NA,NA,NA,NA,NA
Saint Lucia,01/10/24,0,Data Exchange System,https://projects.worldbank.org/en/projects-operations/project-detail/P171528,Planned/Piloted,NA,NA,NA,NA,NA,NA,NA,NA,NA,NA,NA,NA,Multiple autorities,NA,NA
Saint Vincent and the Grenadines,01/10/24,0,Data Exchange System,https://projects.worldbank.org/en/projects-operations/project-detail/P171528,Planned/Piloted,NA,NA,NA,NA,NA,NA,NA,NA,NA,NA,NA,NA,Multiple autorities,NA,NA
Trinidad and Tobago,01/10/24,0,Data Exchange System,https://blogs.iadb.org/administracion-publica/en/8-lessons-from-estonias-digital-transformation-for-latin-america-and-the-caribbean/,Planned/Piloted,X-Road,National,Cross-sectoral,Yes,NA,NA,NA,Public,NA,NA,NA,NA,Ministry of Digital Transformation,NA,NA
Albania,01/10/24,1,Government Interoperability Platform,https://joinup.ec.europa.eu/sites/default/files/inline-files/NIFO_2024%20Supporting%20Document_Albania_vFinal_0.pdf,Implemented,BizTalk,National,Cross-sectoral,Yes,Yes,Yes,National Agency for Information Society (NAIS),Public,NA,Public,Yes,NA,National Agency for Information Society (NAIS),Yes,Yes
Andorra,01/10/24,1,Interoperability Bus,https://andorra-digital.com/en/lines/interoperability-bus,Implemented,NA,National,Cross-sectoral,NA,NA,NA,Andorra Digital,NA,NA,NA,NA,NA,Andorra Digital,NA,NA
Austria,01/10/24,1,Electronic File System ELAK,https://joinup.ec.europa.eu/collection/egovernment/document/elak-e-filing-system-austrian-federal-ministries-elak-im-bund,Implemented,"Fabasoft e-Gov, MS Office",National,Cross-sectoral,Yes,Yes,NA,Federal Ministry of Finance,"Public, Private",Yes,Public,Yes,Yes,Austrian Federal Computing Centre (BRZ),Yes,Yes
Belarus,01/10/24,1,"Belarusian Integrated Service-Settlement System (Белорусская интегрированная сервисно-расчетная система, БИСРС)",https://pravo.by/document/?guid=12551&p0=C22100066&p1=1,Implemented,NA,National,Cross-sectoral,Yes,NA,Yes,NA,Public,NA,Public,NA,NA,NA,Yes,NA
Belgium,01/10/24,1,Federal Service Bus (FSB),https://dtservices.bosa.be/fr/Services/Service%20Integrator%20%28FSB%29/FAQ#50684,Implemented,ESB,National,Cross-sectoral,Yes,Yes,Yes,Federal Public Service Policy and Support (BOSA),Public,Yes,"Public, Private",Yes,Yes,Directorate-General Simplification and Digitalisation,Yes,NA
Bosnia and Herzegovina,08/07/24,1,National Interoperability Framework,https://www.iddeea.gov.ba/en/linked-e-services-for-citizens/,Implemented,Secure middleware API architecture,National,Cross-sectoral,Yes,Yes,Yes,"Council of Ministers, IDDEEA",Public,Yes,Public,Yes,Yes,IDDEEA BiH,Yes,NA
Bulgaria,01/10/24,1,RegiX,https://e-gov.bg/wps/portal/agency-en/digital-government-infrastructure/information-systems-applications/regix,Implemented,NA,National,Cross-sectoral,Yes,Yes,NA,e Government Agency,Public,NA,Public,NA,Yes,e Government Agency,Yes,Yes
Croatia,01/10/24,1,Government Service Bus,https://joinup.ec.europa.eu/sites/default/files/inline-files/NIFO_2024%20Supporting%20Document_Croatia_vFinal_2.pdf,Implemented,ESB,National,Cross-sectoral,Yes,Yes,Yes,Shared Services Centre (SSC),Public,NA,Public,Yes,Yes,Shared Services Centre (SSC),Yes,Yes
Czech Republic,01/10/24,1,eGovernment Service Bus,https://joinup.ec.europa.eu/sites/default/files/inline-files/CZE03%20eGSB_0.pdf,Implemented,ESB,National,Cross-sectoral,Yes,Yes,Yes,Ministry of the Interior,Public,Yes,Public,Yes,Yes,Department of eGovernment,Yes,NA
Denmark,01/10/24,1,Central Data Distrubition Platform,https://datafordeler.dk/,Implemented,NA,National,Cross-sectoral,Yes,Yes,Yes,"Ministry of Energy, Utilities and Climate",Public,Yes,"Public, Civil, Private",Yes,Yes,Agency for Data Supply and Infrastructure,Yes,Yes
Estonia,01/10/24,1,X-tee,https://www.ria.ee/en/state-information-system/data-exchange-platforms/data-exchange-layer-x-tee,Implemented,X-Road,National,Cross-sectoral,Yes,Yes,Yes,Information System Authority (RIA),Public,Yes,"Public, Private",Yes,Yes,Information System Authority (RIA),Yes,Yes
Faroe Islands,01/10/24,1,Heldin,https://heldin.fo/HLD_PublicArea/,Implemented,X-Road,National,Cross-sectoral,Yes,Yes,Yes,Talgildu Føroyar (Digital Faroe Islands),Public,Yes,Public,Yes,Yes,Talgildu Føroyar (Digital Faroe Islands),Yes,Yes
Finland,01/10/24,1,Suomi.fi Exchange Layer (Palveluväylä),https://palveluhallinta.suomi.fi/fi,Implemented,X-Road,National,Cross-sectoral,Yes,Yes,Yes,Digital and Population Information Agency,Public,Yes,"Public, Private",Yes,Yes,Digital and Population Information Agency,Yes,Yes
France,01/10/24,1,"Interministerial Network of the State (Réseau Interministériel de l’État, RIE)",https://joinup.ec.europa.eu/sites/default/files/inline-files/NIFO_2024%20Supportive%20Document_France_vFinal_rev.pdf,Implemented,NA,National,Cross-sectoral,Yes,Yes,Yes,Interministerial Directorate for Digital Affairs (DISIC),Public,Yes,Public,Yes,Yes,Service à Compétence Nationale (SCN) RIE,Yes,Yes
Germany,01/10/24,1,Federal Information Management (FIM),https://joinup.ec.europa.eu/sites/default/files/inline-files/NIFO_2024%20Supporting%20Document_Germany_vFinal_0.pdf,Implemented,XOV,National,Cross-sectoral,Yes,Yes,Yes,IT Planning Council (IT-Planungsrat),Public,Yes,Public,Yes,Yes,IT Planning Council (IT-Planungsrat),Yes,NA
Greece,01/10/24,1,Govhub,https://govhub.gr/home,Implemented,API Gateway,National,Cross-sectoral,Yes,Yes,Yes,KEDE - Central Union of Municipalities of Greece,Public,Yes,Public,Yes,Yes,"General Secretariat of Information Systems an d Digital Governance of the Ministry
of Digital Governance",Yes,Yes
Hungary,01/10/24,1,Központi Kormányzati Szolgáltatás Busz (KKSZB),https://idomsoft.hu/wp-content/uploads/KKSZB_Szabalyzat_v2.0.1_v2.pdf,Implemented,ESB,National,Cross-sectoral,Yes,Yes,Yes,Digital Hungary Agency,Public,Yes,Public,Yes,Yes,IdomSoft,Yes,NA
Iceland,01/10/24,1,Straumurinn,https://island.is/en/o/digital-iceland/island-services/straumurinn,Implemented,X-Road,National,Cross-sectoral,Yes,Yes,Yes,Digital Iceland,Public,Yes,"Public, Private",Yes,Yes,Digital Iceland,Yes,NA
Ireland,01/10/24,1,Build To Share,https://www.ogcio.gov.ie/en/corporate-pages/policy/build-to-share/#article-section-applications,Implemented,NA,National,Cross-sectoral,Yes,Yes,Yes,Office of the Government Chief Information Officer (OGCIO),Public,NA,Public,Yes,NA,Office of the Government Chief Information Officer (OGCIO),Yes,NA
Isle of Man,01/10/24,0,NA,NA,NA,NA,NA,NA,NA,NA,NA,NA,NA,NA,NA,NA,NA,NA,NA,NA
Italy,01/10/24,1,Piattaforma Digitale Nazionale Dati - PDND,https://innovazione.gov.it/argomenti/pdnd/,Implemented,API Gateway,National,Cross-sectoral,Yes,Yes,Yes,Dipartimento per la trasformazione digitale,Public,Yes,"Public, Private",Yes,Yes,Dipartimento per la trasformazione digitale,Yes,Yes
Kosovo,01/10/24,1,Interoperability Platform of Kosovo,https://joinup.ec.europa.eu/sites/default/files/inline-files/NIFO_2024%20Supporting%20Document_Kosovo_vFinal_rev.pdf,Implemented,Microsoft Government Gateway,National,Cross-sectoral,NA,Yes,Yes,"Agency for
Information Society (AIS)",Public,NA,Public,NA,NA,"Agency for
Information Society (AIS)",Yes,Yes
Latvia,01/10/24,1,Latvian State Information System Integrator (VISS),https://joinup.ec.europa.eu/sites/default/files/inline-files/NIFO_2024%20Supporting%20Document_Latvia_vFinal.pdf,Implemented,NA,National,Cross-sectoral,Yes,Yes,Yes,"Ministry of Environmental
Protection and Regional Development",Public,Yes,Public,Yes,Yes,State Regional Development Agency (SRDA),Yes,NA
Liechtenstein,01/10/24,1,Data Exchange System,https://joinup.ec.europa.eu/sites/default/files/inline-files/NIFO_2024%20Supporting%20Document_Liechtenstein_vFinal.pdf,Implemented,Oracle Service Bus,National,Cross-sectoral,Yes,Yes,Yes,Ministry of General Government Affairs and Finance,"Public, Private",NA,NA,NA,NA,Office of Information Technology,Yes,NA
Lithuania,01/10/24,1,State Information Resources Interoperability Platform (SIRIP),https://joinup.ec.europa.eu/sites/default/files/inline-files/NIFO_2024%20Supporting%20Document_Lithuania_vFinal_0.pdf,Implemented,NA,National,Cross-sectoral,Yes,Yes,NA,"Ministry of Economy and Innovation of the Republic of
Lithuania",Public,NA,Public,Yes,Yes,Information Society Development Committee,Yes,Yes
Luxembourg,01/10/24,1,"National Platform for Data Exchange (Plateforme nationale d’échange de données, PNED)",https://joinup.ec.europa.eu/sites/default/files/inline-files/NIFO_2024%20Supporting%20Document_Luxembourg_vFinal_0.pdf,Implemented,NA,National,Cross-sectoral,NA,Yes,Yes,Ministry of Digitalisation,Public,NA,"Public, Private",NA,NA,Centre des technologies de l'information de l'Etat (CTIE),Yes,NA
North Macedonia,01/10/24,1,National Interoperability Platform,https://joinup.ec.europa.eu/sites/default/files/inline-files/NIFO_2024%20Supporting%20Document_North%20Macedonia_vFINAL.pdf,Implemented,Snowflake,National,Cross-sectoral,Yes,Yes,Yes,Ministry of Information Society and Administration (MISA),Public,Yes,Public,NA,Yes,Ministry of Information Society and Administration (MISA),Yes,NA
Malta,01/10/24,0,Interoperability Platform,https://joinup.ec.europa.eu/sites/default/files/inline-files/NIFO_2024%20Supporting%20Document_Malta_vFinal.pdf,Planned/Piloted,NA,National,Cross-sectoral,NA,NA,NA,Malta Information Technology Agency,Public,NA,NA,NA,NA,Malta Information Technology Agency,NA,NA
Moldova,01/10/24,1,MConnect,https://mconnect.gov.md/#/,Implemented,Government Cloud,National,Cross-sectoral,Yes,Yes,Yes,Agenția de Guvernare Electronică,Public,Yes,"Public, Private",Yes,Yes,Agenția de Guvernare Electronică,Yes,Yes
Monaco,01/10/24,0,NA,NA,NA,NA,NA,NA,NA,NA,NA,NA,NA,NA,NA,NA,NA,NA,NA,NA
Montenegro,01/10/24,1,Single System for Electronic Data Exchange (JSERP),https://joinup.ec.europa.eu/sites/default/files/inline-files/NIFO_2024%20DPAF_Montenegro_vFinal.pdf,Implemented,NA,National,Cross-sectoral,Yes,NA,NA,Ministry of Public Administration,Public,NA,NA,NA,NA,Ministry of Public Administration,Yes,NA
Netherlands,01/10/24,1,Diginetwerk,https://www.logius.nl/domeinen/infrastructuur/diginetwerk,Implemented,NA,National,Cross-sectoral,Yes,Yes,Yes,Binnenlandse Zaken en Koninkrijksrelaties (BZK),Public,Yes,"Public, Private",Yes,Yes,Logius,Yes,NA
Norway,10/12/25,1,Altinn,https://info.altinn.no/en/,Implemented,API Gateway,National,Cross-sectoral,Yes,Yes,Yes,Norwegian Digitalisation Agency (Digdir),Public,Yes,"Public, Civil, Private",NA,Yes,Ministry of Digitalisation and Public Governance​,Yes,Yes
Poland,01/10/24,1,EZD-RP,https://www.gov.pl/web/ezd-rp/,Implemented,API Gateway,National,Cross-sectoral,Yes,Yes,Yes,Ministry of Digital Affair,Public,Yes,"Public, Private",NA,Yes,NASK,Yes,NA
Portugal,01/10/24,1,iAP,https://www.iap.gov.pt/,Implemented,NA,National,Cross-sectoral,Yes,Yes,Yes,AMA Agência para a Modernização Administrativa,Public,Yes,"Public, Civil, Private",NA,Yes,AMA Agência para a Modernização Administrativa,Yes,Yes
Romania,01/10/24,0,National Interoperability Platform,https://www.oecd-ilibrary.org/docserver/68361e0d-en.pdf?expires=1726430240&id=id&accname=guest&checksum=E3C9FF5EEB3EF6858E5A527866F66D1F,Planned/Piloted,NA,National,Cross-sectoral,Yes,NA,NA,"Ministry of Research, Innovation and Digitalization (MCID)",Public,NA,Public,NA,NA,Authority for the Digitalization of Romania (ADR),NA,NA
Russian Federation,01/10/24,1,Unified Digital Platform GovTech,https://www.dpi.global/globaldpi/russia_gostech,Implemented,API Gateway,National,Cross-sectoral,Yes,Yes,Yes,"Ministry of Digital Development, Communications, and Mass Media",Public,Yes,"Public, Private",Yes,Yes,FKU Gostech,Yes,Yes
San Marino,01/10/24,0,NA,NA,NA,NA,NA,NA,NA,NA,NA,NA,NA,NA,NA,NA,NA,NA,NA,NA
Serbia,01/10/24,1,Government Service Bus,https://joinup.ec.europa.eu/sites/default/files/inline-files/NIFO_2024%20Supporting%20Document_Serbia_vFINAL.pdf,Implemented,ESB,National,Cross-sectoral,Yes,Yes,Yes,Ministry of Public Administration and Local Self-Government (MPALSG),Public,NA,Public,NA,NA,Office for Information Technologies and eGovernment,Yes,NA
Slovakia,01/10/24,1,GovNet,https://joinup.ec.europa.eu/sites/default/files/inline-files/NIFO_2024%20Supporting%20Document_Slovakia_vFinal.pdf,Implemented,ESB,National,Cross-sectoral,Yes,Yes,Yes,"Ministry of Investments, Regional Development and Informatization",Public,Yes,Public,Yes,Yes,National Agency for Network and Electronic Services,Yes,NA
Slovenia,01/10/24,1,National Interoperability Framework (NIO),https://joinup.ec.europa.eu/sites/default/files/inline-files/NIFO_2024%20Supporting%20Document_Slovenia_vFinal.pdf,Implemented,NA,National,Cross-sectoral,NA,NA,NA,NIO Editorial Board,Public,NA,Public,NA,NA,Ministry of Public Administration and the Ministry for Digital Transformation,Yes,NA
Spain,03/09/25,1,Plataforma de Intermediación de Datos (PID),https://administracionelectronica.gob.es/ctt/verPestanaGeneral.htm?idIniciativa=svd#.XOnDxNIzbIU,Implemented,NA,National,Cross-sectoral,Yes,Yes,Yes,Secretaría General de Administración Digital,Public,Yes,Public,Yes,Yes,Ministerio para la Transformación Digital y de la Función Pública,Yes,Yes
Sweden,01/10/24,1,Ena,https://www.digg.se/analys-och-uppfoljning/publikationer/publikationer/2023-01-17-slutrapport-uppdrag-att-fortsatt-etablera-en-forvaltningsgemensam-digital-infrastruktur-for-informationsutbyte,Implemented,NA,National,Cross-sectoral,Yes,Yes,Yes,Agency for Digital Government,Public,Yes,"Public, Civil, Private",Yes,Yes,Agency for Digital Government,Yes,Yes
Switzerland,01/10/24,1,"I14Y Interoperability Platform , Sedex",https://www.i14y.admin.ch/en/home,Implemented,API Gateway,National,Cross-sectoral,Yes,Yes,Yes,Federal Statistical Office,Public,Yes,"Public, Civil, Private",Yes,Yes,Federal Statistical Office,Yes,Yes
Ukraine,01/10/24,1,Trembita,https://cyber.ee/resources/case-studies/ukraine-interoperability-framework-trembita/,Implemented,UXP,National,Cross-sectoral,Yes,Yes,Yes,Ministry of Digital Transformation,Public,Yes,"Public, Civil",Yes,Yes,Ministry of Digital Transformation,Yes,Yes
United Kingdom of Great Britain and Northern Ireland,01/10/24,0,Government Data Exchange (GDX),https://onsdigital.blog.gov.uk/2023/01/18/how-were-providing-better-data-to-power-decision-making-the-technology-behind-making-critical-data-assets-available-on-ids/,Planned/Piloted,NA,National,Cross-sectoral,Yes,Yes,Yes,Central Digital and Data Office,Public,NA,Public,Yes,NA,Central Digital and Data Office,NA,NA
Vatican City,01/10/24,0,NA,NA,NA,NA,NA,NA,NA,NA,NA,NA,NA,NA,NA,NA,NA,NA,NA,NA
Argentina,01/10/24,1,Interoperar,https://www.argentina.gob.ar/jefatura/innovacion-publica/innovacion-administrativa/interoperar,Implemented,API Gateway,National,Cross-sectoral,Yes,Yes,NA,"Ministerio de Innovación, Ciencia y Tecnología",Public,Yes,Public,Yes,Yes,"Subsecretaría de Inovación (Ministerio de Innovación, Ciencia y Tecnología)",Yes,Yes
Belize,01/10/24,0,e-Services Portal,https://digitalagenda.gov.bz/wp-content/uploads/2022/05/NATIONAL-DIGITAL-AGENDA-FINAL.pdf,Planned/Piloted,X-Road and Red Hat,National,Cross-sectoral,NA,NA,Yes,"Ministry of Public Utilities, Energy, Logistics & E-Governance",Public,NA,NA,NA,NA,E-Governance and Digitalization Unit,NA,NA
Bolivia,01/10/24,1,Plataforma de Interoperabilidad,https://www.agetic.gob.bo/plataforma-de-interoperabilidad/,Implemented,NA,National,Cross-sectoral,Yes,NA,Yes,"Agencia de Gobierno Electrónico y Tecnologías de la
Información y Comunicación",Public,Yes,Public,Yes,Yes,"Agencia de Gobierno Electrónico y Tecnologías de la
Información y Comunicación",Yes,NA
Brazil,01/10/24,1,conecta.gov.br,https://www.gov.br/governodigital/pt-br/governanca-de-dados/conecta-gov.br,Implemented,API Gateway,National,Cross-sectoral,Yes,Yes,Yes,Secretaria de Governo Digital,Public,Yes,Public,Yes,Yes,Secretaria de Governo Digital,Yes,Yes
Chile,01/10/24,1,PISEE 2.0,https://digital.gob.cl/plataformas-transversales/,Implemented,API Gateway,National,Cross-sectoral,Yes,Yes,Yes,"Gob Digital Chile, Ministerio de la Secretaría General de la Presidencia",Public,Yes,Public,Yes,Yes,"Gob Digital Chile, Ministerio de la Secretaría General de la Presidencia",Yes,Yes
Colombia,01/10/24,1,Data Exchange System,https://and.gov.co/servicios-ciudadanos-digitales,Implemented,X-Road,National,Cross-sectoral,Yes,Yes,Yes,Agencia Digital Nacional,Public,Yes,Public,Yes,Yes,Agencia Nacional Digital,Yes,NA
Costa Rica,01/10/24,0,Hacienda Digital,https://www.hacienda.go.cr/HaciendaDigital.html,Planned/Piloted,ESB,National,Cross-sectoral,Yes,Yes,Yes,Consejo de Arquitectura Institucional y Seguridad de la Información,Public,NA,NA,NA,NA,Ministerio de Hacienda,NA,NA
Ecuador,01/10/24,1,Bus de Datos DINARDAP,https://www.redgealc.org/site/assets/files/14032/ecudiisirc_may_2021.pdf,Implemented,ESB,National,Cross-sectoral,Yes,Yes,Yes,Subsecretaría de Gobierno Electónico y Registro Civi,Public,NA,Public,NA,NA,Ministerio de Telecomunicaciones y de la Sociedad de la Información,Yes,Yes
El Salvador,01/10/24,1,Tenoli,https://tenoli.innovacion.gob.sv/,Implemented,X-Road,National,Cross-sectoral,Yes,Yes,Yes,Secretaria de Innovación de la Presidencia,Public,Yes,Public,Yes,Yes,Secretaria de Innovación de la Presidencia,Yes,NA
French Guiana,01/10/24,0,NA,NA,NA,NA,NA,NA,NA,NA,NA,NA,NA,NA,NA,NA,NA,NA,NA,NA
Guatemala,01/10/24,0,Data Exchange System,https://www.undp.org/blog/shaping-rights-based-approach-guatemalas-digital-transformation,Planned/Piloted,NA,NA,NA,Yes,NA,NA,Presidential Commission on Open and Electronic Government (GAE),NA,NA,NA,NA,NA,Presidential Commission on Open and Electronic Government (GAE),NA,NA
Guyana,01/10/24,0,Data Exchange System,https://www.guyanareddfund.org/images/stories/ProjectDocuments/ICT-Access-and-eServices-for-Hinterland-Poor-and-Remote-Communities-PD-Final-03-11-17.pdf,Planned/Piloted,NA,NA,NA,NA,NA,NA,Ministry of Public Telecommunications,Public,NA,NA,NA,NA,Ministry of Public Telecommunications,NA,NA
Honduras,01/10/24,0,Data Exchange System,https://diger.gob.hn/sites/default/files/2024-02/Plan%20de%20Gobierno%20Digital%20Honduras.pdf,Planned/Piloted,ESB,National,Cross-sectoral,Yes,NA,NA,Dirección de Gestión por Resultados,NA,NA,NA,NA,NA,Agencia Hondureña de la Republica Digital (AGEHRED),NA,NA
Mexico,01/10/24,0,Data Exchange System,NA,Planned/Piloted,NA,National,Cross-sectoral,Yes,NA,Yes,Agencia de Transformación Digital,"Public, Private",NA,NA,NA,NA,Agencia de Transformación Digital,Yes,NA
Nicaragua,01/10/24,0,VUCEN (Ventanilla Única del Comercio Exterior de Nicaragua),https://web.vucen.gob.ni/,Implemented,NA,National,Sectoral (Imports/Exports),NA,NA,NA,"(MIFIC) Ministerio de Industria, Fomento y Comercio",Public,NA,"Public, Private",NA,NA,"(MIFIC) Ministerio de Industria, Fomento y Comercio",Yes,NA
Panama,01/10/24,1,Servicio de Nube Gubernamental,https://aig.gob.pa/nube/,Implemented,NA,National,Cross-sectoral,Yes,Yes,Yes,Autoridad para la Innovación Guberamental (AIG),"Public, Private",NA,NA,NA,NA,Autoridad para la Innovación Guberamental (AIG),Yes,NA
Paraguay,01/10/24,1,Sistema de Intercambio de Información,https://mitic.gov.py/sistema-de-intercambio-de-informacion/,Implemented,ESB,National,Cross-sectoral,Yes,Yes,Yes,"Viceministerio de Tecnologías, inside the Ministerio de Tecnologías de la Información y Comunicación",Public,Yes,Public,Yes,Yes,Ministerio deTecnologías de la Información y Comunicación,Yes,NA
Peru,01/10/24,1,Plataforma Nacional de Interoperabilidad,https://www.gob.pe/institucion/pcm/normas-legales/292465-083-2011-pcm,Implemented,NA,National,Cross-sectoral,Yes,Yes,Yes,Secretaría de Gobierno y Transformación Digital,Public,Yes,Public,Yes,Yes,Secretaría de Gobierno y Transformación Digital,Yes,NA
Suriname,01/10/24,0,Data Exchange System,https://gov.sr/wp-content/uploads/2023/09/Suriname-National-Digital-Strategy-2023-2030.pdf,Planned/Piloted,NA,National,Cross-sectoral,NA,NA,NA,Government of Suriname,Public,NA,NA,NA,NA,Government of Suriname,NA,NA
Uruguay,01/10/24,1,Plataforma de Interoperabilidad,https://www.gub.uy/agencia-gobierno-electronico-sociedad-informacion-conocimiento/interoperabilidad,Implemented,ESB,National,Cross-sectoral,Yes,Yes,Yes,AGESIC (Agencia de Gobierno Electrónico y Sociedad de la Información y el Conocimiento),Public,Yes,Public,Yes,Yes,AGESIC (Agencia de Gobierno Electrónico y Sociedad de la Información y el Conocimiento),Yes,NA
Venezuela,01/10/24,0,Data Exchange System,https://www.cnti.gob.ve/images/documentos/TRIPA_PNGE.pdf,Planned/Piloted,NA,National,Cross-sectoral,NA,NA,NA,"Ministro del Poder Popular para Ciencia, Tecnología e Innovación",Public,NA,NA,NA,NA,"Ministro del Poder Popular para Ciencia, Tecnología e Innovación",NA,NA
Armenia,01/10/24,0,Armenian interoperability platform,https://isaa.am/en/x-road-am-armenias-interoperability-platform/,Planned/Piloted,X-Road,National,Cross-sectoral,Yes,NA,NA,Information Systems Agency of Armenia,NA,NA,NA,NA,NA,Information Systems Agency of Armenia,NA,NA
Azerbaijan,01/10/24,1,Digital Bridge,https://e-gov.az/en,Implemented,NA,National,Cross-sectoral,NA,NA,Yes,Ministry of Digital Transformation and Transport,Public,NA,NA,NA,NA,AzInTelecom LLC (state company),NA,NA
Bahrain,01/10/24,0,National Gateway Infrastructure,https://www.bahrain.bh/wps/portal/en/!ut/p/z1/jZJBU8IwEIX_Si69kqXRUrxVBlFGBgatYC5MWtc20CYlCaj_3igHhxks5Jbke7t5b0M5XVKuxF4WwkmtROX3rzxa3U8h6oZxOI5ZyiCZRoN5fwjdEVzTxTEAjA1_gN6s99IPoxgov0QP4WTQfbjy-skEIIlv54_PdwOAEbtQ_89KLuzfAvD28k-o6PhcE5-iXG-3PKE818rhp6NLLPS-0caJaoUqgFLXGMB2J_MNqaTa2ABy1KRGa0Xhb1yJBCvMndFK5sSL0agalSNCvRHpixbmd2ikMXrtOeut8eOHnRjOwV5L-uf8e-9FpbPDV0lUxuKCcoPvaNB0dsYfl8419iaAADJRGiFVJysDOIWX2vpg_ija1GmaLj--GMhZvYjtN_UhQdk!/dz/d5/L3dHQSEvUUt3SS9nQSEh/,Planned/Piloted,NA,National,NA,NA,NA,NA,Information & eGovernment Authority,NA,NA,NA,NA,NA,Information & eGovernment Authority,NA,NA
Cyprus,01/10/24,1,Government Gateway Ariadni,https://cge.cyprus.gov.cy/cyloginregistration/knowledgebase/privacy,Implemented,API Gateway,National,Cross-sectoral,Yes,Yes,Yes,Ministry of Finance,Public,Yes,"Public, Civil, Private",Yes,Yes,Department of Public Administration and Personnel,Yes,NA
Georgia,01/10/24,1,Georgian Government Gateway (3G),https://documents1.worldbank.org/curated/en/292921623746018293/pdf/South-Caucasus-GovTech-for-Georgia-A-Whole-of-Government-Approach-as-a-Key-Foundation-for-the-Digital-Economy.pdf?_gl=1*8ox7pi*_gcl_au*MTMyNzQ5MzQxMC4xNzIyMjU2NDM2,Implemented,NA,National,Cross-sectoral,Yes,NA,NA,Digital Governance Agency (within Ministry of Justice),Public,NA,"Public, Private",NA,NA,Digital Governance Agency,Yes,NA
Iraq,01/10/24,0,NA,https://www.undp.org/sites/g/files/zskgke326/files/2023-06/undp_iq_digital_landscape_assessment_en.pdf,NA,NA,NA,NA,NA,NA,NA,NA,NA,NA,NA,NA,NA,NA,NA,NA
Israel,01/10/24,1,SAAR,https://www.gov.il/BlobFolder/generalpage/strategic_plan_19/en/STRATIGY-%20ICT%20AUTHORITY%20-%20ENGLISH.pdf,Implemented,NA,National,Cross-sectoral,NA,NA,NA,Government ICT Authority,Public,NA,NA,NA,NA,Government ICT Authority,Yes,NA
Jordan,01/10/24,0,NA,NA,NA,NA,NA,NA,NA,NA,NA,NA,NA,NA,NA,NA,NA,NA,NA,NA
Kuwait,01/10/24,1,Morasalat Online,https://www.cait.gov.kw/en/projects/,Implemented,NA,National,Cross-sectoral,NA,NA,NA,Ministry of Communications and Information Technology,Public,NA,NA,NA,NA,Central Agency for Information Technology,NA,NA
Lebanon,01/10/24,0,Lebanon OGIX,https://www.omsar.gov.lb/Assets/DT_EN.pdf,Planned/Piloted,API Gateway,National,Cross-sectoral,NA,NA,NA,"Office of the Minister of State for Administrative Reform
(OMSAR)",NA,NA,NA,NA,NA,Digital Transformation Committee within OMSAR,NA,NA
Oman,01/10/24,1,National Integration Platform,https://www.mtcit.gov.om/ITAPortal/Pages/Page.aspx?NID=2125&PID=7643,Implemented,NA,National,Cross-sectoral,NA,NA,NA,"Ministry of Transport, Communications and Information Technology",Public,NA,NA,NA,NA,"Ministry of Transport, Communications and Information Technology",Yes,NA
Qatar,01/10/24,1,Goverment Data Exchange,https://www.mcit.gov.qa/ar/node/16559,Implemented,NA,National,Cross-sectoral,Yes,Yes,Yes,Ministry of Transport and Communications,Public,NA,Public,NA,NA,Ministry of Transport and Communications,Yes,NA
Saudi Arabia,01/10/24,1,Government Service Bus,https://sdaia.gov.sa/en/Services/Pages/GSB.aspx,Implemented,ESB,National,Cross-sectoral,Yes,Yes,Yes,Saudi Authority for Data and Artificial Intelligence,Public,Yes,Public,Yes,Yes,Saudi Data and Artificial Intelligence Authority (SDAIA),Yes,Yes
State of Palestine,01/10/24,0,Zinnar,https://ega.ee/news/palestine-makes-data-move/,NA,X-Road,National,Cross-sectoral,Yes,NA,NA,Ministry of Telecommunications and Information Technology,Public,NA,Public,NA,NA,NA,NA,NA
Syria,01/10/24,0,NA,NA,NA,NA,NA,NA,NA,NA,NA,NA,NA,NA,NA,NA,NA,NA,NA,NA
Turkey,01/10/24,1,KAYSIS,https://cbddo.gov.tr/en/projects/kaysis/,Implemented,NA,National,Cross-sectoral,NA,Yes,Yes,Digital Transformation Office,Public,NA,Public,NA,NA,Digital Transformation Office,Yes,Yes
United Arab Emirates,01/10/24,1,Government Services Bus (GBS),https://u.ae/en/information-and-services/g2g-services/government-services-bus,Implemented,ESB,National,Cross-sectoral,Yes,Yes,Yes,Telecommunications and Digital Government Regulatory Authority,Public,Yes,Public,NA,NA,Telecommunications and Digital Government Regulatory Authority,Yes,Yes
Yemen,01/10/24,0,NA,https://www.igi-global.com/article/determining-factors-influencing-establishing-e-service-quality-in-developing-countries/272524,Planned/Piloted,NA,NA,NA,NA,NA,NA,NA,NA,NA,NA,NA,NA,NA,NA,NA
Antarctica,01/10/24,0,NA,NA,NA,NA,NA,NA,NA,NA,NA,NA,NA,NA,NA,NA,NA,NA,NA,NA
Canada,01/10/24,1,Canadian Digital Exchange Platform,https://www.canada.ca/en/government/system/digital-government/guideline-service-digital.html,Implemented,"ESB, API Gateway",National,Cross-sectoral,Yes,Yes,Yes,Treasury Board of Canada Secretariat (TBS),Public,Yes,"Public, Private",Yes,Yes,Chief Information Officer (CIO),Yes,Yes
Greenland,01/10/24,1,Pitu,https://cyber.ee/resources/news/uxp-based-pitu-enters-full-scale-deployment-in-greenland/,Implemented,UXP,National,Cross-sectoral,Yes,Yes,Yes,Agency for the Greenlandic Agency for Digitisation,NA,NA,NA,Yes,NA,Agency for the Greenlandic Agency for Digitisation,NA,NA
United States of America,01/10/24,1,api.data.gov,http://api.data.gov/,Implemented,API Gateway,National,Cross-sectoral,Yes,NA,Yes,General Services Administration (GSA),Public,Yes,Public,Yes,Yes,Technology Transformation Services,Yes,Yes
Australia,01/10/24,0,Australian National Data Integration Infrastructure (ANDII),https://www.dataanddigital.gov.au/plan/roadmap/delivering-for-all-people-and-business/australian-national-data-integration-infrastructure,Planned/Piloted,NA,National,Cross-sectoral,Yes,NA,NA,"Department of Social Services, Australian Bureau of Statistics, and Australian Institute of Health and Welfare.",Public,NA,"Public, Private",Yes,NA,Office of the National Data Commissioner,Yes,NA
Fiji,01/10/24,1,Data Exchange Platform (DXP),https://www.mcttt.gov.fj/remarks-by-the-deputy-prime-minister-and-minister-for-trade-co-operatives-and-small-and-medium-enterprises-and-communications-aiia-pacific-islands-digital-capability-uplift-program/,Implemented,NA,National,Cross-sectoral,NA,NA,NA,NA,NA,NA,NA,NA,NA,NA,Yes,NA
Kiribati,01/10/24,0,NA,NA,NA,NA,NA,NA,NA,NA,NA,NA,NA,NA,NA,NA,NA,NA,NA,NA
Marshall Islands,01/10/24,0,NA,NA,NA,NA,NA,NA,NA,NA,NA,NA,NA,NA,NA,NA,NA,NA,NA,NA
Micronesia (Federated States of),01/10/24,0,NA,NA,NA,NA,NA,NA,NA,NA,NA,NA,NA,NA,NA,NA,NA,NA,NA,NA
Nauru,01/10/24,0,NA,NA,NA,NA,NA,NA,NA,NA,NA,NA,NA,NA,NA,NA,NA,NA,NA,NA
New Zealand,01/10/24,0,New Zealand Public Cloud,https://www.digital.govt.nz/standards-and-guidance/technology-and-architecture/cloud-services,Planned/Piloted,Microsoft Azure,National,Cross-sectoral,NA,NA,NA,NA,NA,NA,NA,NA,NA,NA,NA,NA
Palau,01/10/24,0,NA,NA,NA,NA,NA,NA,NA,NA,NA,NA,NA,NA,NA,NA,NA,NA,NA,NA
Papua New Guinea,01/10/24,0,Federated Secure Data Exchange Platform,https://www.ict.gov.pg/Digital%20Govt%20Plan%202023-2027/Digital%20Government%20Plan%202023-2027%20-%20Final%20Version.pdf,Planned/Piloted,NA,NA,NA,NA,NA,NA,NA,NA,NA,NA,NA,NA,NA,NA,NA
Samoa,01/10/24,0,NA,NA,NA,NA,NA,NA,NA,NA,NA,NA,NA,NA,NA,NA,NA,NA,NA,NA
Solomon Islands,01/10/24,0,NA,NA,NA,NA,NA,NA,NA,NA,NA,NA,NA,NA,NA,NA,NA,NA,NA,NA
Tonga,01/10/24,0,NA,NA,NA,NA,NA,NA,NA,NA,NA,NA,NA,NA,NA,NA,NA,NA,NA,NA
Tuvalu,01/10/24,0,NA,NA,NA,NA,NA,NA,NA,NA,NA,NA,NA,NA,NA,NA,NA,NA,NA,NA
Vanuatu,01/10/24,0,NA,NA,NA,NA,NA,NA,NA,NA,NA,NA,NA,NA,NA,NA,NA,NA,NA,NA
European Union,01/10/24,0,EUCARIS,https://www.eucaris.net/,Implemented,ESB,Regional,Sectoral (Transport),Yes,Yes,Yes,EUCARIS General Assembly,Public,Yes,Public,NA,Yes,EUCARIS Operations*,Yes,Yes
