Country / Region,Last updated,Count for DPI,Payment system name,URL,Active real-time payment system present,Payment system type,Status of Implementation,National / Regional,Cross-border payments,Interoperability policy,Types of transactions supported,Type of settlement system,Operator,Bank participation,Non-bank participation,Participation conditions and rules,Number of participants,Annual value of transactions (USD),Annual volume of transactions,Data-handing rules for payment system,Reporting forum,AML Law,Cost of transactions,QR code based transactions
Africa,01/10/24,0,COMESA regional payment system,"https://www.comesa.int/comesa-clearing-house/#:~:text=The%20system%20operates%20through%20member,increases%20trade%20within%20the%20region.",Yes,Interbank payment system,Planned/Piloted,Regional,Yes,NA,B2B,DNS,Central Bank,Yes,No,NA,2024- 9,2022- 388 M,NA,NA,NA,NA,NA,NA
Africa,01/10/24,0,BCEAO Regional Payment Systems Project,https://documents.worldbank.org/en/publication/documents-reports/documentdetail/394311468779408394/western-africa-bceao-regional-payment-systems-project,Yes,Interbank payment system,Planned/Piloted,Regional,Yes,NA,B2B,NA,Central Bank,Yes,NA,NA,2023- 8,NA,NA,NA,NA,NA,NA,NA
Africa,01/10/24,0,PAPSS (Pan African Payment and Settlement System),https://papss.com/,Yes,Interbank payment system,Planned/Piloted,Regional,Yes,NA,B2B,NA,Commercial bank/ Private PSP,Yes,No,NA,2023- 6,NA,NA,NA,NA,NA,NA,NA
Africa,01/10/24,0,Regional TCIB for cross-border RTRPs,https://www.tcib.africa/home,Yes,Interbank payment system,Planned/Piloted,Regional,Yes,NA,"P2P, P2M",ACH,Bank association,Yes,Yes,Yes,2023- 16,NA,NA,NA,NA,NA,USD 0.10 per transaction,NA
Africa,01/10/24,0,GIMACPAY,https://gimac-afr.com/lecosysteme-gimacpay/,Yes,Cross-domain payment system,Implemented,Regional,Yes,NA,"P2P, P2M, P2G",NA,Other,Yes,Yes,NA,2023- 91,2022- 50 M,2022- 2 M,NA,NA,NA,NA,NA
Algeria,01/10/24,0,Switch mobile,https://www.wearetech.africa/en/fils-uk/news/telecom/algeria-launches-mobile-payment-interoperability-project,No,Cross-domain payment system,Planned/Piloted,National,NA,NA,NA,"RTGS, DNS",NA,Yes,Yes,NA,NA,NA,NA,NA,NA,Yes,NA,Yes
Angola,01/10/24,0,Domestic IPS,https://www.africanenda.org/en/map,No,NA,Planned/Piloted,National,NA,NA,NA,NA,NA,NA,NA,NA,NA,NA,NA,NA,NA,NA,NA,NA
Benin,01/10/24,0,Domestic IPS,https://www.africanenda.org/en/map,No,NA,Planned/Piloted,National,NA,NA,NA,NA,NA,NA,NA,NA,NA,NA,NA,NA,NA,Yes,NA,NA
Botswana,01/10/24,0,Unknown domestic IPS/ only regional IPS,https://www.africanenda.org/en/map,No,NA,NA,National,NA,NA,NA,NA,NA,NA,NA,NA,NA,NA,NA,NA,NA,Yes,NA,NA
Burkina Faso,01/09/24,0,Faso Arzêka,https://play.google.com/store/apps/details?id=com.aveplus.fasoarzekacitizenapp&hl=en_GB,No,NA,NA,National,NA,NA,NA,NA,NA,NA,NA,NA,NA,NA,NA,NA,NA,Yes,NA,NA
Burundi,01/10/24,0,Domestic IPS,https://www.africanenda.org/en/map,No,NA,Planned/Piloted,National,NA,NA,NA,NA,NA,NA,NA,NA,NA,NA,NA,NA,NA,Yes,NA,NA
Cabo Verde,01/10/24,0,NA,NA,No,NA,NA,National,NA,NA,NA,NA,NA,NA,NA,NA,NA,NA,NA,NA,NA,Yes,NA,NA
Cameroon,01/10/24,0,Unknown domestic IPS/ only regional IPS,https://www.africanenda.org/en/map,No,NA,NA,National,NA,NA,NA,NA,NA,NA,NA,NA,NA,NA,NA,NA,NA,Yes,NA,NA
Central African Republic,01/10/24,0,Unknown domestic IPS/ only regional IPS,https://www.africanenda.org/en/map,No,NA,NA,National,NA,NA,NA,NA,NA,NA,NA,NA,NA,NA,NA,NA,NA,NA,NA,NA
Chad,01/10/24,0,Unknown domestic IPS/ only regional IPS,https://www.africanenda.org/en/map,No,NA,NA,National,NA,NA,NA,NA,NA,NA,NA,NA,NA,NA,NA,NA,NA,Yes,NA,NA
Comoros,01/10/24,0,Domestic IPS,https://www.africanenda.org/en/map,No,NA,Planned/Piloted,National,NA,NA,NA,NA,NA,NA,NA,NA,NA,NA,NA,NA,NA,NA,NA,NA
Congo,01/10/24,0,Unknown domestic IPS/ only regional IPS,https://www.africanenda.org/en/map,No,NA,NA,National,NA,NA,NA,NA,NA,NA,NA,NA,NA,NA,NA,NA,NA,Yes,NA,NA
Côte d’Ivoire,01/10/24,0,NA,NA,No,NA,NA,National,NA,NA,NA,NA,NA,NA,NA,NA,NA,NA,NA,NA,NA,Yes,NA,NA
Democratic Republic of the Congo,01/10/24,0,Unknown domestic IPS/ only regional IPS,https://www.africanenda.org/en/map,No,NA,NA,National,NA,NA,NA,NA,NA,NA,NA,NA,NA,NA,NA,NA,NA,Yes,NA,NA
Djibouti,11/12/25,1,Système de Règlement Automatisé de Djibouti (SYRAD),https://banque-centrale.dj/infrastructures-ats/,Yes,Cross-domain payment system,Implemented,National,NA,NA,"P2P, P2M, B2B, G2P, P2G","RTGS, ACH",Central Bank,Yes,Yes,Yes,NA,2023- 10.47 B,"2023- 24,834K",NA,NA,Yes,Variable,NA
Egypt,10/02/25,1,InstaPay/IPIN,https://www.cbe.org.eg/en/payment-systems-and-services/instant-payment-network,Yes,Cross-domain payment system,Implemented,National,NA,Yes,"P2P, P2M, G2P",NA,Central Bank,Yes,No,Yes,2024- 27,2022- 1% of GNI,NA,Yes,NA,Yes,NA,NA
Equatorial Guinea,01/10/24,0,Unknown domestic IPS/ only regional IPS,https://www.africanenda.org/en/map,No,NA,NA,National,NA,NA,NA,NA,NA,NA,NA,NA,NA,NA,NA,NA,NA,NA,NA,NA
Eritrea,01/10/24,0,NA,NA,No,NA,NA,National,NA,NA,NA,NA,NA,NA,NA,NA,NA,NA,NA,NA,NA,NA,NA,NA
Eswatini,01/10/24,0,Domestic IPS,https://www.africanenda.org/en/map,No,NA,Planned/Piloted,National,NA,NA,NA,NA,NA,NA,NA,NA,NA,NA,NA,NA,NA,Yes,NA,NA
Ethiopia,01/10/24,0,EthSwitch,https://ethswitch.com/,Yes,Cross-domain payment system,Implemented,National,NA,Yes,"P2P, P2M",NA,Bank association,Yes,Yes,Yes,NA,?- 1.5 B,2023- 14 M,NA,Yes,Yes,NA,NA
Gabon,01/10/24,0,Unknown domestic IPS/ only regional IPS,https://www.africanenda.org/en/map,No,NA,NA,National,NA,NA,NA,NA,NA,NA,NA,NA,NA,NA,NA,NA,NA,NA,NA,NA
Gambia,01/10/24,1,Gamswitch,https://www.africanenda.org/en/map?scheme=gamswitch,Yes,Interbank payment system,Implemented,National,NA,NA,"P2P, P2G, P2B","RTGS, ACH",Central Bank,Yes,Yes,NA,2023- 12,NA,NA,NA,NA,Yes,Here,NA
Ghana,01/10/24,1,GhanaPay/ GIPS,https://www.ghipss.net/,Yes,Cross-domain payment system,Implemented,National,Yes,Yes,"P2P, P2M, B2B, G2P",NA,Central Bank,Yes,Yes,NA,2023- 52,2021- 2 B,2021- 37 M,NA,NA,Yes,NA,NA
Ghana,25/06/25,0,eCedi (CBDC),https://cbdctracker.org/currency/ghana-e-cedi,Yes,CBDC,Planned/Piloted,National,Yes,Yes,"P2P, P2M, B2B, G2P",NA,Central Bank,Yes,Yes,NA,NA,NA,NA,NA,NA,Yes,NA,NA
Guinea,01/10/24,0,Domestic IPS,https://www.africanenda.org/en/map,No,NA,Planned/Piloted,National,NA,NA,NA,NA,NA,NA,NA,NA,NA,NA,NA,NA,NA,Yes,NA,NA
Guinea-Bissau,01/10/24,0,NA,NA,No,NA,NA,National,NA,NA,NA,NA,NA,NA,NA,NA,NA,NA,NA,NA,NA,NA,NA,NA
Kenya,25/06/25,0,PesaLink,https://www.ipsl.co.ke/,Yes,Interbank payment system,Implemented,National,Yes,NA,"P2P, P2M",DNS,Bank association,Yes,No,NA,2024- 32,2023- 15 K,2023- 16 M,NA,NA,NA,NA,Yes
Kenya,25/06/25,0,MPesa,https://www.safaricom.co.ke/personal/m-pesa,Yes,Mobile money,Implemented,National,Yes,NA,"P2P, P2M",DNS,Commercial bank/ Private PSP,No,Yes,NA,NA,?- 1 B daily,NA,NA,NA,NA,Free for transactions up to 100 Kshs. Then charges are based on value + payer/payee service,Yes
Lesotho,01/10/24,0,Domestic IPS,https://www.africanenda.org/en/map,No,NA,Planned/Piloted,National,NA,NA,NA,NA,NA,NA,NA,NA,NA,NA,NA,NA,NA,NA,NA,NA
Liberia,01/10/24,0,Domestic IPS,https://www.africanenda.org/en/map,No,NA,Planned/Piloted,National,NA,NA,NA,NA,NA,NA,NA,NA,NA,NA,NA,NA,NA,NA,NA,NA
Libya,01/10/24,0,Interbank payment system,https://cbl.gov.ly/en/payment-and-settlement/,No,Interbank payment system,Planned/Piloted,Regional,Yes,NA,"P2P, P2M, B2B","RTGS, DNS",Central Bank,Yes,No,NA,2024- 9,2022- 388 M,NA,NA,NA,NA,NA,NA
Madagascar,25/06/25,0,Domestic IPS,https://www.africanenda.org/en/map,Yes,Interbank payment system,Planned/Piloted,National,NA,NA,P2P,NA,NA,NA,NA,NA,NA,NA,NA,NA,NA,NA,NA,NA
Madagascar,25/06/25,0,Mobile money,https://www.africanenda.org/en/map,Yes,Mobile money,Implemented,National,NA,NA,P2P,NA,Commercial bank/ Private PSP,No,Yes,NA,NA,2020- 639 M,NA,NA,NA,NA,NA,NA
Malawi,01/10/24,0,Nat Switch,https://www.africanenda.org/en/map?scheme=natswitch-2023,Yes,Cross-domain payment system,Implemented,National,NA,NA,"P2P, P2M",NA,Bank association,Yes,Yes,NA,2023- 13,2022- 312 M,2022- 11.5 M,NA,NA,Yes,NA,No
Mali,01/10/24,0,NA,NA,No,NA,NA,National,NA,NA,NA,NA,NA,NA,NA,NA,NA,NA,NA,NA,NA,Yes,NA,NA
Mauritania,01/10/24,0,Domestic IPS,https://www.africanenda.org/en/map,No,NA,Planned/Piloted,National,NA,NA,NA,NA,NA,NA,NA,NA,NA,NA,NA,NA,NA,NA,NA,NA
Mauritius,01/10/24,1,MauCAS (Mauritius Central Automated Swtich),https://www.bom.mu/maucas-0,Yes,Cross-domain payment system,Implemented,National,NA,NA,"P2P, P2M",NA,Central Bank,Yes,Yes,NA,2023- 14,2021- 30 M,2021- 467 K,NA,NA,NA,NA,NA
Morocco,01/10/24,0,Marocpay,https://www.bom.mu/maucas-0,Yes,Cross-domain payment system,Implemented,National,NA,NA,"P2P, P2M",NA,Commercial bank/ Private PSP,Yes,Yes,NA,2023- 23,"2020- 1.4 million transactions (mWallets), valued at about $44.25 M. 51% of these carried out through m-wallets issued by payment institutions (against
49 percent by m-wallets backed by bank accounts). # of wallets has increased 153 percent between 2019 and 2020, transaction volumes have remained low (USAID, 2022)",NA,NA,NA,Yes,NA,NA
Mozambique,25/06/25,0,Domestic IPS,https://www.africanenda.org/en/map,Yes,Interbank payment system,Planned/Piloted,National,NA,Yes,P2P,NA,NA,NA,NA,NA,NA,NA,NA,NA,NA,Yes,NA,NA
Mozambique,25/06/25,0,Sociedade Interbancaria De Mocambique (SIMO),https://www.africanenda.org/en/map?scheme=sociedade-interbancaria-de-mocambique-simo-2023,Yes,Cross-domain payment system,Implemented,National,NA,Yes,P2P,NA,Bank association,Yes,Yes,NA,2023- 22,2021- 3.2 B,2021- 56 M,NA,NA,Yes,NA,NA
Namibia,01/10/24,0,Nampay,https://www.africanenda.org/en/map?scheme=nampay,No,Interbank payment system,Planned/Piloted,National,NA,Yes,"P2P, B2B",NA,Bank association,Yes,Yes,Yes,2023- 9,NA,NA,Yes,NA,NA,NA,NA
Niger,01/10/24,0,NA,NA,No,NA,NA,National,NA,NA,NA,NA,NA,NA,NA,NA,NA,NA,NA,NA,NA,NA,NA,NA
Nigeria,25/06/25,1,NIBSS Instant Payment (NIP),https://nibss-plc.com.ng/,Yes,Cross-domain payment system,Implemented,National,NA,Yes,"P2P, P2B, B2B, P2G, G2P",NA,Central Bank,Yes,Yes,Yes,2023- 230+,"2021- 655,040 B","2021- 3,473 B",NA,NA,Yes,NA,NA
Nigeria,25/06/25,1,Nigeria Mobile money,https://www.africanenda.org/en/map?scheme=nigeria-mobile-money-2023,Yes,Mobile money,Implemented,National,NA,Yes,"P2P, P2B, B2B, P2G, G2P",NA,Central bank/Other,Yes,Yes,Yes,2023- 21,2021- 17 B,2021- 284 M,NA,NA,Yes,NA,NA
Nigeria,26/05/25,0,eNaira (CBDC),https://www.africanenda.org/en/map?scheme=enaira-2023,Yes,CBDC,Planned/Piloted,National,NA,Yes,"P2P, P2B, B2B, P2G, G2P",NA,Central Bank,Yes,Yes,Yes,2023- 33,2021- 448 K,2021- 34 K,NA,NA,Yes,NA,NA
Rwanda,01/10/24,0,eKash,https://rswitch.co.rw/about-us-2/,Yes,Cross-domain payment system,Implemented,National,NA,Yes,"P2P, P2M",NA,Bank association,Yes,Yes,NA,2023- 2,NA,NA,NA,NA,NA,NA,NA
Sao Tome and Principe,01/10/24,0,Domestic IPS,https://www.africanenda.org/en/map,No,NA,Planned/Piloted,National,NA,NA,NA,NA,NA,NA,NA,NA,NA,NA,NA,NA,NA,NA,NA,NA
Senegal,01/10/24,0,NA,NA,No,NA,NA,National,NA,NA,NA,NA,NA,NA,NA,NA,NA,NA,NA,NA,NA,NA,NA,NA
Seychelles,25/06/25,0,Domestic IPS,https://www.cbs.sc/Financial/ModernisationPaymentSystem.html,Yes,Interbank payment system,NA,National,Yes,NA,NA,NA,Central Bank,Yes,NA,NA,NA,NA,NA,NA,Yes,NA,NA,No
Sierra Leone,01/10/24,0,Domestic IPS,https://www.africanenda.org/en/map,No,NA,Planned/Piloted,National,NA,NA,NA,NA,NA,NA,NA,NA,NA,NA,NA,NA,NA,NA,NA,NA
Somalia,01/10/24,0,Somalia National Payment System,https://www.africanenda.org/en/map?scheme=somalia-national-payment-system,No,Interbank payment system,Planned/Piloted,National,NA,NA,P2P,NA,Central Bank,Yes,No,NA,2023- 9,NA,NA,NA,NA,Yes,NA,NA
South Africa,01/10/24,1,PayShap,https://www.payshap.co.za/#/home,Yes,Cross-domain payment system,Implemented,National,NA,Yes,"P2P, B2B",RTGS,Central bank/ Bank association,Yes,Yes,Yes,2024- 10,2024- 2.8 B,2024- 76 M,NA,NA,NA,NA,NA
South Africa,30/06/25,1,Real Time Clearing (RTC),https://www.africanenda.org/en/map?scheme=real-time-clearing-rtc-2023,Yes,Interbank payment system,Implemented,National,NA,Yes,"P2P, B2B",RTGS,Central Bank,Yes,No,NA,2023- 33,2021- 57 B,2021- 130 M,NA,NA,NA,NA,NA
South Sudan,01/10/24,0,NA,NA,No,NA,NA,National,NA,NA,NA,NA,NA,NA,NA,NA,NA,NA,NA,NA,NA,Yes,NA,NA
Sudan,01/10/24,0,Domestic IPS,https://www.africanenda.org/en/map,No,NA,Planned/Piloted,National,NA,NA,NA,NA,NA,NA,NA,NA,NA,NA,NA,NA,NA,NA,NA,NA
Tanzania,01/10/24,1,TIPS (Tanzania Instant Payment System),https://www.bot.go.tz/PaymentSystem/Initiatives,Yes,Cross-domain payment system,Implemented,National,NA,Yes,"P2P, P2M",NA,Central Bank,Yes,Yes,NA,2023- 5,NA,NA,NA,NA,Yes,NA,NA
Togo,01/10/24,0,NA,NA,No,NA,NA,National,NA,NA,NA,NA,NA,NA,NA,NA,NA,NA,NA,NA,NA,Yes,NA,NA
Tunisia,01/10/24,0,Domestic IPS,https://www.africanenda.org/en/map,Yes,Interbank payment system,Planned/Piloted,National,NA,NA,P2P,NA,NA,NA,NA,NA,NA,NA,NA,NA,NA,Yes,NA,NA
Tunisia,26/05/25,0,Mobile money,https://www.africanenda.org/map?scheme=tunisia-mobile-money-2023,Yes,Mobile money,Implemented,National,NA,NA,P2P,NA,Commercial bank/ Private PSP,No,Yes,NA,2024- 3,NA,NA,NA,NA,Yes,NA,NA
Uganda,01/10/24,0,Domestic IPS,https://www.africanenda.org/en/map,Yes,Interbank payment system,Planned/Piloted,National,NA,Yes,"P2P, P2M, P2G",NA,NA,NA,NA,NA,NA,NA,NA,NA,NA,NA,NA,NA
Uganda,26/06/25,0,Mobile money,https://www.africanenda.org/en/map,Yes,Mobile money,Implemented,National,NA,Yes,"P2P, P2M, P2G",NA,Commercial bank/ Private PSP,No,Yes,NA,2023-14,2023- 60 B,2023- 6.3 B,NA,NA,NA,NA,NA
Zambia,01/10/24,1,National Financial Switch (NFS),https://www.africanenda.org/en/map?scheme=zambia-eletronic-clearing-house-limited-zechl,Yes,Cross-domain payment system,Implemented,National,NA,Yes,"P2P, P2B, B2P",NA,Central bank/ Bank association,Yes,Yes,Yes,2023- 30,2021- 610 M,2021- 25 M,Yes,NA,Yes,NA,NA
Zimbabwe,01/10/24,0,Zimswitch Instant Payment Interchange Technology (ZIPIT),https://www.africanenda.org/en/map?scheme=zimswitch-instant-payment-interchange-technology-zipit,Yes,Cross-domain payment system,Implemented,National,NA,NA,"P2P, P2B, P2G, G2P, B2B, B2P",NA,Bank association,Yes,Yes,NA,2023- 20,NA,NA,NA,NA,NA,NA,No
Afghanistan,01/10/24,0,Interbank payment system,https://www.dab.gov.af/sites/default/files/2020-06/National%20Financial%20Inclusion%20Strategy%20for%20Afghanistanfinal.pdf,Yes,Interbank payment system,Planned/Piloted,National,Yes,NA,NA,RTGS,NA,NA,No,NA,NA,NA,NA,NA,NA,Yes,NA,NA
Asia,01/10/24,0,ASEAN Payments Connectivity,https://www.bot.or.th/en/financial-innovation/digital-finance/digital-payment/cross-border-payment.html,Yes,Interbank payment system,Implemented,Regional,NA,NA,NA,NA,NA,NA,NA,NA,NA,NA,NA,NA,NA,NA,NA,NA
Bangladesh,01/10/24,1,Interbank payment system,NA,Yes,Interbank payment system,Implemented,National,Yes,NA,"P2P, P2M, B2B",RTGS,Central Bank,Yes,No,NA,NA,NA,NA,NA,NA,Yes,Variable,NA
Bangladesh,27/06/25,0,Mobile money,https://www.gsma.com/mobile-money-metrics/#deployment-tracker,Yes,Mobile money,Implemented,National,NA,NA,"P2P, P2M, B2B",RTGS,Commercial bank/ Private PSP,Yes,Yes,NA,NA,NA,NA,NA,NA,Yes,NA,NA
Bhutan,01/10/24,1,Domestic IPS,https://www.rma.org.bt/media/Publication/Payments%20&%20Settlement%20Systems/Annual%20Payment%20System%20Report%202023.pdf,Yes,Interbank payment system,Implemented,National,NA,Yes,"P2P, P2M, B2B",NA,"Central bank, Private PSP",Yes,No,NA,2023- 6,2023- 1.07 B,2023- 99.52 M,NA,NA,NA,NA,NA
Brunei,01/10/24,1,Interbank payment system,https://afcwp.asean.org/wp-content/uploads/2022/06/5B-Slides-on-Brunei-Darussalam-Digital-Payment-Roadmap-2019-2025.pdf,Yes,Interbank payment system,Implemented,National,Yes,NA,"P2P, P2M, B2B",RTGS,Central Bank,NA,No,NA,NA,NA,NA,NA,NA,NA,NA,NA
Cambodia,17/02/25,1,BaKong,https://bakong.nbc.gov.kh/en/,Yes,Interbank payment system,Implemented,National,Yes,NA,"P2P, P2M, B2B",ACH,Central Bank,Yes,No,NA,2024- 70,2023- 492 B,2023- 1.7 B,NA,NA,Yes,Free up to 100 USD,Yes
China,01/10/24,1,Interbank Payment System,https://fastpayments.worldbank.org/sites/default/files/2021-09/World_Bank_FPS_China_IBPS_Case_Study.pdf,Yes,Interbank payment system,Implemented,National,Yes,NA,"P2P, P2G, P2M, B2B, G2P",DNS,Central bank/ Bank association,Yes,No,NA,2020- >400,NA,NA,NA,Yes,Yes,Fixed fee model + variable fee based on volume (determined by participants for users),Yes
China,27/06/25,0,Mobile money,https://fastpayments.worldbank.org/sites/default/files/2021-09/World_Bank_FPS_China_IBPS_Case_Study.pdf,Yes,Mobile money,Implemented,National,Yes,NA,"P2P, P2G, P2M, B2B, G2P",DNS,Commercial bank/ Private PSP,No,Yes,NA,NA,NA,NA,NA,Yes,Yes,NA,Yes
China,27/06/25,1,e-CNY (CBDC),https://www.hkma.gov.hk/eng/smart-consumers/e-cny/,Yes,CBDC,Implemented,National,Yes,NA,"P2P, P2G, P2M, B2B, G2P",DNS,Central Bank,Yes,No,NA,NA,2021- 12 B,2021- 8 M,NA,Yes,Yes,NA,Yes
"China, Hong Kong Special Administrative Region",01/10/24,1,Faster Payment System (FPS),"https://www.hkma.gov.hk/eng/key-functions/international-financial-centre/financial-market-infrastructure/faster-payment-system-fps/#:~:text=All%20banks%20and%20e%2Dwallet,to%20the%20recipient%20almost%20immediately.",Yes,Cross-domain payment system,Implemented,National,Yes,NA,"P2P, P2M, B2B, P2G",RTGS,Central Bank,Yes,Yes,NA,2024- 305,2024- 3.6 M,2024- 67 M,NA,NA,Yes,NA,No
"China, Hong Kong Special Administrative Region",27/06/25,1,e-CNY (CBDC),https://www.hkma.gov.hk/eng/smart-consumers/e-cny/,Yes,CBDC,Implemented,National,Yes,NA,"P2P, P2M, B2B, P2G",RTGS,Central Bank,Yes,No,NA,NA,NA,NA,NA,NA,Yes,NA,No
"China, Macao Special Administrative Region",01/10/24,1,Easy transfer,https://macaonews.org/news/business/monetary-authority-launches-simple-and-convenient-easy-transfer-service/,Yes,Interbank payment system,Implemented,National,Yes,NA,"P2P, P2M, B2B",NA,Central Bank,Yes,No,NA,2020- 31,NA,NA,NA,Yes,Yes,NA,NA
India,18/09/24,0,Unified Payments Interface (UPI),https://www.npci.org.in/what-we-do/upi/product-overview,Yes,Cross-domain payment system,Implemented,National,Yes,Yes,"P2P, P2M, B2B, P2G",NA,Bank association,NA,Yes,NA,2024- 598,2024- 24 B,2024- 14K M,NA,NA,Yes,Free for P2P,NA
Indonesia,01/10/24,0,BI-FAST,https://developers.bri.co.id/en/product/bi-fast,Yes,Cross-domain payment system,Implemented,National,NA,NA,"P2P, P2M, B2B",ACH,NA,NA,Yes,NA,2022- 106,2022- 450 M,2022- 2.1 B,NA,NA,Yes,0.15 per transaction,Yes
Iran,01/10/24,0,NA,NA,No,NA,NA,National,NA,NA,NA,NA,NA,NA,NA,NA,NA,NA,NA,NA,NA,NA,NA,NA
Japan,01/10/24,1,BOJ-NET and ZenginNet,https://www.boj.or.jp/en/paym/index.htm,Yes,Interbank payment system,Implemented,National,NA,NA,"P2P, B2B, P2M, G2P",RTGS,Central Bank,Yes,No,NA,"2016- > 500, 2016- >500",2016- 1 B,2016- 6.4 M,NA,NA,Yes,"RTGS system, does not operate 24/7",NA
Kazakhstan,01/10/24,1,Instant payment system (IPS),https://npck.kz/en/ips/,Yes,Cross-domain payment system,Implemented,National,Yes,NA,"P2P, P2M, B2B","RTGS, DNS",Central Bank,Yes,No,NA,2023- 9,2023- 269 M,2022- 18 K,NA,NA,Yes,NA,Yes
Kazakhstan,27/06/25,0,Digital Tenge (CBDC),https://nationalbank.kz/en/page/Digital-Tenge,Yes,CBDC,Planned/Piloted,National,NA,NA,"P2P, P2M, B2B","RTGS, DNS",Central Bank,Yes,Yes,NA,NA,NA,NA,NA,NA,Yes,NA,Yes
Kyrgyzstan,01/10/24,1,"Instant payment system ""Elcard""",https://www.nbkr.kg/DOC/14072023/000000000060872.pdf,Yes,Interbank payment system,Implemented,National,Yes,NA,"P2P, P2M, G2P","RTGS, BCS (bulk clearing system)",Central Bank,Yes,No,NA,NA,2022- 12 B,2022- 8.8 M,NA,NA,Yes,NA,Yes
Kyrgyzstan,27/06/25,0,Mobile money,NA,Yes,Mobile money,Implemented,National,NA,NA,"P2P, P2M, G2P","RTGS, BCS (bulk clearing system)",Commercial bank/ Private PSP,No,Yes,NA,NA,NA,NA,NA,NA,Yes,NA,Yes
Kyrgyzstan,27/06/25,0,Digital Soam (CBDC),NA,Yes,CBDC,Planned/Piloted,National,NA,NA,"P2P, P2M, G2P","RTGS, BCS (bulk clearing system)",Central Bank,Yes,No,NA,NA,NA,NA,NA,NA,Yes,NA,Yes
Laos,01/10/24,0,NA,NA,No,NA,NA,National,NA,NA,NA,NA,NA,NA,NA,NA,NA,NA,NA,NA,NA,NA,"Variable, not free",NA
Malaysia,01/10/24,0,Real-time Retail Payments Platform (RPR)/Duitnow,https://fastpayments.worldbank.org/sites/default/files/2021-09/World_Bank_FPS_Malaysia_RPP_Case_Study.pdf,Yes,Cross-domain payment system,Implemented,National,Yes,Yes,"P2P, P2M, B2B",RTGS,Bank association,NA,NA,NA,2020- 36,NA,NA,NA,NA,NA,"Variable, not free",NA
Maldives,01/10/24,0,Favara/ United Payment Gateway (UPG),https://payments.mv/,Yes,Cross-domain payment system,Implemented,National,NA,NA,"P2P, P2M",NA,NA,NA,Yes,NA,NA,NA,NA,NA,NA,NA,NA,NA
Mongolia,01/10/24,1,National payment system,https://www.mongolbank.mn/en/p/1301,Yes,Interbank payment system,Implemented,National,Yes,Yes,"P2P, P2M, B2B","RTGS, ACH",Central Bank,Yes,No,NA,2024- 15,NA,NA,NA,NA,Yes,NA,NA
Mongolia,26/06/25,0,Mobile money,https://www.mongolbank.mn/en/p/1301,Yes,Mobile money,Implemented,National,Yes,Yes,"P2P, P2M, B2B","RTGS, ACH",Private PSP,No,Yes,NA,NA,NA,NA,NA,NA,Yes,NA,NA
Myanmar,01/10/24,1,MyanmarPay (Instant payment system),https://payplusmyanmar.com/index.php/myanmar-pay/,Yes,Cross-domain payment system,Implemented,National,NA,NA,"P2P, P2M, B2B",RTGS,Central Bank,NA,NA,NA,NA,NA,NA,NA,NA,Yes,NA,NA
Nepal,01/10/24,0,National Payments Interface (NPI),"https://nchl.com.np/national-payments-interface-npi/#:~:text=National%20Payments%20Interface%20(NPI)%20is,an%20Open%20API%20platform%20concept.",Yes,Cross-domain payment system,Implemented,National,NA,Yes,"P2P, P2M, B2B, P2G, G2P",NA,Bank association,Yes,Yes,NA,2024- 51,NA,NA,NA,NA,NA,NA,NA
North Korea,01/10/24,0,NA,NA,No,NA,NA,National,NA,NA,NA,NA,NA,NA,NA,NA,NA,NA,NA,NA,NA,NA,NA,NA
Pakistan,01/10/24,0,Raast,https://www.sbp.org.pk/dfs/Raast.html,Yes,Cross-domain payment system,Implemented,National,NA,NA,"P2P, P2M",RTGS,NA,NA,Yes,NA,2021- 30,2023- 3.09 B,NA,NA,NA,Yes,NA,NA
Philippines,30/11/25,1,PhilPASSPlus,https://www.bsp.gov.ph/SitePages/MediaAndResearch/Videos/VideoDirectoryDisp.aspx?ItemId=358,Yes,Interbank payment system,Implemented,National,Yes,NA,"P2P, P2M, B2B","RTGS, ACH",Central Bank,Yes,Yes,NA,NA,2024- 127 K,2024- 767 K,NA,NA,NA,NA,NA
Singapore,01/10/24,0,PayNow,https://www.abs.org.sg/consumer-banking/pay-now,Yes,Cross-domain payment system,Implemented,National,Yes,Yes,"P2P, P2M, B2B",NA,Bank association,Yes,Yes,NA,"2024- 32

Since Feb 2023, Singapore and India's IPSs can transact cross border in real time

Limited to banks only",2022- 91K B,2022- 311 M,NA,NA,Yes,"Free for P2P, charges for P2M",NA
South Korea,01/10/24,1,BOK Wire +/Retail Payment System,https://www.bok.or.kr/eng/main/contents.do?menuNo=400045,Yes,Interbank payment system,Implemented,National,NA,NA,"P2P, P2M, B2B",NA,Central Bank,Yes,NA,NA,NA,NA,NA,No,NA,Yes,NA,NA
Sri Lanka,30/01/25,0,Lanka Pay,https://www.lankapay.net/en/about-us,Yes,Cross-domain payment system,Implemented,National,NA,NA,"P2P, P2M",NA,Bank association,Yes,Yes,NA,NA,2024- 43 K,2024- 164.3 M,NA,NA,NA,NA,Yes
Taiwan,01/10/24,0,Interbank payment system,https://www.cbc.gov.tw/en/np-446-2.html,No,Interbank payment system,NA,National,Yes,NA,NA,RTGS,Central Bank,NA,No,NA,NA,NA,NA,NA,NA,NA,NA,NA
Tajikistan,01/10/24,1,Interbank payment system,https://nbt.tj/tj/payment_system/rushdi-infrasokhtori-nizomi-pardokhtii-bmt.php,Yes,Interbank payment system,Implemented,National,Yes,NA,"P2P, B2B",RTGS,Central Bank,Yes,No,NA,NA,NA,NA,NA,NA,Yes,NA,No
Thailand,01/10/24,1,PromptPay,https://www.bot.or.th/en/financial-innovation/digital-finance/digital-payment/promptpay.html,Yes,Interbank payment system,Implemented,National,NA,NA,"P2P, P2M, B2B",NA,Central Bank,Yes,No,NA,NA,2022- 14.8 B,2022- 416 M,NA,NA,NA,Free up to 50 USD,NA
Timor-Leste,01/10/24,0,NA,NA,No,NA,NA,National,NA,NA,NA,NA,NA,NA,NA,NA,NA,NA,NA,NA,NA,Yes,NA,NA
Turkmenistan,01/10/24,0,Interbank payment system,https://www.cbt.tm/en/payment/payment.html,No,Interbank payment system,Planned/Piloted,National,Yes,NA,NA,RTGS,Central Bank,Yes,No,NA,NA,NA,NA,NA,NA,NA,NA,No
Uzbekistan,01/10/24,0,Interbank payment system,https://cbu.uz/en/payment-systems/interbank-calculations/,No,Interbank payment system,Planned/Piloted,National,Yes,NA,NA,RTGS,Central Bank,Yes,No,NA,NA,NA,NA,NA,NA,Yes,NA,No
Vietnam,01/10/24,0,NA,NA,No,NA,NA,National,NA,NA,NA,NA,NA,NA,NA,NA,NA,NA,NA,NA,NA,NA,NA,NA
Antigua and Barbuda,26/06/25,0,D-Cash (CBDC),https://www.eccb-centralbank.org/d-cash,No,CBDC,Planned/Piloted,National,NA,NA,NA,NA,NA,NA,NA,NA,NA,NA,NA,NA,NA,NA,NA,NA
Antigua and Barbuda,01/10/24,0,Mobile money,https://cuminpay.com/,No,Mobile money,NA,National,Yes,NA,"P2P, P2M",NA,NA,NA,NA,NA,NA,NA,NA,NA,NA,Yes,NA,NA
Bahamas,01/10/24,0,Sand Dollar (CBDC),https://www.sanddollar.bs/,Yes,CBDC,Planned/Piloted,National,NA,NA,"P2P, P2M",NA,Central Bank,NA,NA,NA,NA,2023- almost 0.2% of BHD in circulation,2023- >100 K wallets,NA,NA,NA,NA,NA
Barbados,21/08/25,0,BimPay,https://www.centralbank.org.bb/bimpay-about,Yes,Mobile money,Planned/Piloted,National,Yes,NA,"B2B, B2G, B2P, P2B, P2G, P2P",NA,Central Bank,Yes,NA,NA,NA,NA,NA,NA,NA,Yes,NA,NA
"Bonaire, Sint Eustatius and Saba",01/10/24,0,NA,NA,No,NA,NA,National,NA,NA,NA,NA,NA,NA,NA,NA,NA,NA,NA,NA,NA,NA,NA,NA
Caribbean,01/10/24,0,DCash 2.0,https://www.dcashec.com/,No,CBDC,Planned/Piloted,Regional,Yes,NA,NA,NA,Central Bank,Yes,NA,NA,NA,NA,NA,NA,NA,NA,NA,NA
Cuba,01/10/24,0,NA,NA,No,NA,NA,National,NA,NA,NA,NA,NA,NA,NA,NA,NA,NA,NA,NA,NA,Yes,NA,NA
Curaçao,01/10/24,1,Interbank payment systems,https://www.centralbank.cw/functions/market-operations-payments/instant-payments,Yes,Interbank payment system,Implemented,National,Yes,NA,NA,RTGS,Central Bank,Yes,No,NA,2024- 9,NA,NA,NA,Yes,NA,NA,NA
Curaçao,26/06/25,0,Mobile money,https://www.centralbank.cw/functions/market-operations-payments/instant-payments,Yes,Mobile money,Implemented,National,Yes,NA,NA,RTGS,Private PSP,No,Yes,NA,NA,NA,NA,NA,Yes,NA,NA,NA
Dominica,01/10/24,0,DCash 2.0,https://www.dcashec.com/,Yes,CBDC,NA,National,NA,NA,NA,NA,NA,NA,NA,NA,NA,NA,NA,NA,NA,Yes,NA,NA
Dominican Republic,01/10/24,1,Interbank payment systems,https://www.bancentral.gov.do/a/d/2665-descripcion,Yes,Interbank payment system,Implemented,National,Yes,NA,"P2P, B2B",RTGS,Central Bank,Yes,No,NA,NA,NA,NA,NA,NA,Yes,NA,NA
Dominican Republic,26/06/25,0,Mobile money,https://www.bancentral.gov.do/a/d/2665-descripcion,Yes,Mobile money,Implemented,National,Yes,NA,"P2P, B2B",RTGS,Private PSP,No,Yes,NA,NA,NA,NA,NA,NA,Yes,NA,NA
Eastern Caribbean,01/10/24,0,DCash 2.0,https://www.dcashec.com/,Yes,CBDC,Planned/Piloted,Regional,Yes,NA,NA,NA,NA,NA,NA,NA,NA,NA,NA,NA,NA,NA,NA,NA
Grenada,01/10/24,0,DCash 2.0,https://www.dcashec.com/,Yes,CBDC,NA,National,NA,NA,NA,NA,NA,NA,NA,NA,NA,NA,NA,NA,NA,Yes,NA,NA
Guadeloupe,01/10/24,0,NA,NA,No,NA,NA,National,NA,NA,NA,NA,NA,NA,NA,NA,NA,NA,NA,NA,NA,NA,NA,NA
Haiti,01/10/24,0,NA,NA,No,NA,NA,National,NA,NA,NA,NA,NA,NA,NA,NA,NA,NA,NA,NA,NA,Yes,NA,NA
Jamaica,01/10/24,0,Mobile money,https://boj.org.jm/core-functions/currency/cbdc/,No,Mobile money,Planned/Piloted,National,NA,Yes,"P2P, P2M",NA,Central Bank,Yes,Yes,NA,NA,2022- 2.2 M,NA,NA,NA,Yes,NA,NA
Jamaica,26/06/25,0,Jam-DEX(CBDC),https://boj.org.jm/core-functions/currency/cbdc/,No,CBDC,Planned/Piloted,National,NA,Yes,"P2P, P2M",NA,Central Bank,Yes,Yes,NA,NA,2022- 2.2 M,NA,NA,NA,Yes,NA,NA
Martinique,01/10/24,0,NA,NA,No,NA,NA,National,NA,NA,NA,NA,NA,NA,NA,NA,NA,NA,NA,NA,NA,NA,NA,NA
Puerto Rico,01/10/24,1,Interbank payment systems,https://www.frbservices.org/financial-services/wires,Yes,Interbank payment system,Implemented,National,Yes,NA,NA,RTGS,Central Bank,NA,No,NA,NA,NA,NA,NA,NA,NA,NA,NA
Puerto Rico,26/06/25,0,Mobile money,https://www.frbservices.org/financial-services/wires,Yes,Mobile money,Implemented,National,Yes,NA,NA,RTGS,Private PSP,NA,Yes,NA,NA,NA,NA,NA,NA,NA,NA,NA
Saint Barthélemy,01/10/24,0,NA,NA,No,NA,NA,National,NA,NA,NA,NA,NA,NA,NA,NA,NA,NA,NA,NA,NA,NA,NA,NA
Saint Kits and Nevis,26/06/25,0,D-Cash (CBDC),https://www.eccb-centralbank.org/d-cash,Yes,CBDC,Planned/Piloted,National,Yes,NA,NA,NA,NA,NA,NA,NA,NA,NA,NA,NA,NA,NA,NA,NA
Saint Kitts and Nevis,01/10/24,0,Mobile money,https://www.eccb-centralbank.org/d-cash,Yes,Mobile money,Implemented,National,Yes,NA,NA,NA,NA,NA,NA,NA,NA,NA,NA,NA,NA,NA,NA,NA
Saint Lucia,01/10/24,0,DCash 2.0,https://www.dcashec.com/,Yes,CBDC,NA,National,Yes,NA,NA,NA,NA,NA,NA,NA,NA,NA,NA,NA,NA,NA,NA,NA
Saint Vincent and the Grenadines,01/10/24,0,DCash 2.0,https://www.dcashec.com/,Yes,CBDC,NA,National,Yes,NA,NA,NA,NA,NA,NA,NA,NA,NA,NA,NA,NA,NA,NA,NA
Trinidad and Tobago,01/10/24,1,Interbank payment system,https://www.central-bank.org.tt/core-functions/financial-stability/payments-systems,Yes,Interbank payment system,Implemented,National,Yes,NA,"P2P, P2M",RTGS,Central Bank,Yes,No,NA,NA,NA,NA,NA,NA,NA,NA,NA
Trinidad and Tobago,26/06/25,0,Mobile money,https://www.central-bank.org.tt/core-functions/financial-stability/payments-systems,Yes,Mobile money,Implemented,National,Yes,NA,"P2P, P2M",RTGS,Private PSP,No,Yes,NA,NA,NA,NA,NA,NA,NA,NA,NA
Albania,01/10/24,1,Interbank payment system,https://www.bankofalbania.org/Payments/AIPS-Albanian_interbank_payment_system_for_large-value_payments/,Yes,Interbank payment system,Implemented,National,Yes,Yes,"P2P, P2M, B2B",RTGS,Central Bank,Yes,No,Yes,2024- 14,2023- >4 B,2023- 400 K,NA,NA,Yes,Fixed system maintenance fee and variable transaction fee,NA
Andorra,01/10/24,1,TIPS (Target Instant Payment Settlement),https://www.ecb.europa.eu/paym/target/tips/html/index.en.html,Yes,Interbank payment system,Implemented,Regional,Yes,Yes,"P2P, P2M, B2B",RTGS,Central Bank,Yes,Yes,Yes,2024- 2321 (including non-Euro members),NA,NA,Yes,NA,Yes,NA,NA
Austria,01/10/24,1,TIPS (Target Instant Payment Settlement),https://www.ecb.europa.eu/paym/target/tips/html/index.en.html,Yes,Interbank payment system,Implemented,Regional,Yes,Yes,"P2P, P2M, B2B",RTGS,Central Bank,Yes,Yes,Yes,2024- 2321 (including non-Euro members),NA,NA,Yes,NA,Yes,NA,NA
Belarus,01/10/24,0,Instant payment system,https://primepress.by/news/ekonomika/belarus_to_make_instant_payment_system_available_for_individuals_1_july_2022_with_and_money_transfer-38843/,Yes,Interbank payment system,NA,National,Yes,NA,"P2P, B2B",NA,Central Bank,Yes,NA,NA,NA,NA,NA,NA,NA,Yes,Cap at 1% of transaction value,NA
Belgium,01/10/24,1,TIPS (Target Instant Payment Settlement),https://www.ecb.europa.eu/paym/target/tips/html/index.en.html,Yes,Interbank payment system,Implemented,Regional,Yes,Yes,"P2P, P2M, B2B",RTGS,Central Bank,Yes,Yes,Yes,2024- 2321 (including non-Euro members),NA,NA,Yes,NA,Yes,NA,NA
Bosnia and Herzegovina,01/10/24,1,Interbank payment system,https://www.cbbh.ba/press/readfaq/7,Yes,Interbank payment system,Implemented,National,Yes,NA,"P2P, P2M, B2B",RTGS,Central Bank,Yes,No,NA,NA,NA,NA,NA,NA,Yes,NA,NA
Bulgaria,01/10/24,1,TIPS (Target Instant Payment Settlement),https://www.ecb.europa.eu/paym/target/tips/html/index.en.html,Yes,Interbank payment system,Implemented,Regional,Yes,Yes,"P2P, P2M, B2B",RTGS,Central Bank,Yes,Yes,Yes,2024- 2321 (including non-Euro members),NA,NA,Yes,NA,Yes,NA,NA
Croatia,01/10/24,1,TIPS (Target Instant Payment Settlement),https://www.ecb.europa.eu/paym/target/tips/html/index.en.html,Yes,Interbank payment system,Implemented,Regional,Yes,Yes,"P2P, P2M, B2B",RTGS,Central Bank,Yes,Yes,Yes,2024- 2321 (including non-Euro members),NA,NA,Yes,NA,Yes,NA,NA
Czech Republic,01/10/24,1,TIPS (Target Instant Payment Settlement),https://www.ecb.europa.eu/paym/target/tips/html/index.en.html,Yes,Interbank payment system,Implemented,Regional,Yes,Yes,"P2P, P2M, B2B",RTGS,Central Bank,Yes,Yes,Yes,2024- 2321 (including non-Euro members),NA,NA,Yes,NA,Yes,NA,NA
Denmark,01/10/24,1,TIPS (Target Instant Payment Settlement),https://www.ecb.europa.eu/paym/target/tips/html/index.en.html,Yes,Interbank payment system,Implemented,Regional,Yes,Yes,"P2P, P2M, B2B",RTGS,Central Bank,Yes,Yes,Yes,2024- 2321 (including non-Euro members),NA,NA,Yes,NA,Yes,NA,NA
Estonia,01/10/24,1,TIPS (Target Instant Payment Settlement),https://www.ecb.europa.eu/paym/target/tips/html/index.en.html,Yes,Interbank payment system,Implemented,Regional,Yes,Yes,"P2P, P2M, B2B",RTGS,Central Bank,Yes,Yes,Yes,2024- 2321 (including non-Euro members),NA,NA,Yes,NA,Yes,NA,NA
Europe,01/10/24,1,TIPS (Target Instant Payment Settlement),https://www.ecb.europa.eu/paym/target/tips/html/index.en.html,Yes,Interbank payment system,Implemented,Regional,Yes,Yes,"P2P, P2M, B2B",RTGS,Central Bank,Yes,Yes,Yes,2024- 2321 (including non-Euro members),NA,NA,Yes,NA,NA,NA,NA
Faroe Islands,01/10/24,1,TIPS (Target Instant Payment Settlement),https://www.ecb.europa.eu/paym/target/tips/html/index.en.html,Yes,Interbank payment system,Implemented,Regional,Yes,Yes,"P2P, P2M, B2B",RTGS,Central Bank,Yes,Yes,Yes,2024- 2321 (including non-Euro members),NA,NA,Yes,NA,NA,NA,NA
Finland,01/10/24,1,TIPS (Target Instant Payment Settlement),https://www.ecb.europa.eu/paym/target/tips/html/index.en.html,Yes,Interbank payment system,Implemented,Regional,Yes,Yes,"P2P, P2M, B2B",RTGS,Central Bank,Yes,Yes,Yes,2024- 2321 (including non-Euro members),NA,NA,Yes,NA,Yes,NA,NA
France,01/10/24,1,TIPS (Target Instant Payment Settlement),https://www.ecb.europa.eu/paym/target/tips/html/index.en.html,Yes,Interbank payment system,Implemented,Regional,Yes,Yes,"P2P, P2M, B2B",RTGS,Central Bank,Yes,Yes,Yes,2024- 2321 (including non-Euro members),NA,NA,Yes,NA,Yes,NA,NA
Germany,01/10/24,1,TIPS (Target Instant Payment Settlement),https://www.ecb.europa.eu/paym/target/tips/html/index.en.html,Yes,Interbank payment system,Implemented,Regional,Yes,Yes,"P2P, P2M, B2B",RTGS,Central Bank,Yes,Yes,Yes,2024- 2321 (including non-Euro members),NA,NA,Yes,NA,Yes,NA,NA
Greece,01/10/24,1,TIPS (Target Instant Payment Settlement),https://www.ecb.europa.eu/paym/target/tips/html/index.en.html,Yes,Interbank payment system,Implemented,Regional,Yes,Yes,"P2P, P2M, B2B",RTGS,Central Bank,Yes,Yes,Yes,2024- 2321 (including non-Euro members),NA,NA,Yes,NA,Yes,NA,NA
Hungary,01/10/24,1,TIPS (Target Instant Payment Settlement),https://www.ecb.europa.eu/paym/target/tips/html/index.en.html,Yes,Interbank payment system,Implemented,Regional,Yes,Yes,"P2P, P2M, B2B",RTGS,Central Bank,Yes,Yes,Yes,2024- 2321 (including non-Euro members),NA,NA,Yes,NA,Yes,NA,NA
Iceland,01/10/24,1,TIPS (Target Instant Payment Settlement),https://www.ecb.europa.eu/paym/target/tips/html/index.en.html,Yes,Interbank payment system,Implemented,Regional,Yes,Yes,"P2P, P2M, B2B",RTGS,Central Bank,Yes,Yes,Yes,2024- 2321 (including non-Euro members),NA,NA,Yes,NA,NA,NA,NA
Ireland,01/10/24,1,TIPS (Target Instant Payment Settlement),https://www.ecb.europa.eu/paym/target/tips/html/index.en.html,Yes,Interbank payment system,Implemented,Regional,Yes,Yes,"P2P, P2M, B2B",RTGS,Central Bank,Yes,Yes,Yes,2024- 2321 (including non-Euro members),NA,NA,Yes,NA,NA,NA,NA
Isle of Man,01/10/24,0,NA,NA,No,NA,NA,National,NA,NA,NA,NA,NA,NA,NA,NA,NA,NA,NA,NA,NA,NA,NA,NA
Italy,01/10/24,1,TIPS (Target Instant Payment Settlement),https://www.ecb.europa.eu/paym/target/tips/html/index.en.html,Yes,Interbank payment system,Implemented,Regional,Yes,Yes,"P2P, P2M, B2B",RTGS,Central Bank,Yes,Yes,Yes,2024- 2321 (including non-Euro members),NA,NA,Yes,NA,Yes,NA,NA
Kosovo,01/10/24,1,Interbank payment system,https://bqk-kos.org/payment-systems/operating-scheme-of-interbank-payment-system-in-kosovo/?lang=en,Yes,Interbank payment system,Implemented,National,Yes,NA,"P2P, P2M, B2B",RTGS,Central Bank,Yes,No,NA,NA,NA,NA,NA,NA,NA,NA,NA
Latvia,01/10/24,1,TIPS (Target Instant Payment Settlement),https://www.ecb.europa.eu/paym/target/tips/html/index.en.html,Yes,Interbank payment system,Implemented,Regional,Yes,Yes,"P2P, P2M, B2B",RTGS,Central Bank,Yes,Yes,Yes,2024- 2321 (including non-Euro members),NA,NA,Yes,NA,Yes,NA,NA
Liechtenstein,01/10/24,1,TIPS (Target Instant Payment Settlement),https://www.ecb.europa.eu/paym/target/tips/html/index.en.html,Yes,Interbank payment system,Implemented,Regional,Yes,Yes,"P2P, P2M, B2B",RTGS,Central Bank,Yes,Yes,Yes,2024- 2321 (including non-Euro members),NA,NA,Yes,NA,Yes,NA,NA
Lithuania,01/10/24,1,TIPS (Target Instant Payment Settlement),https://www.ecb.europa.eu/paym/target/tips/html/index.en.html,Yes,Interbank payment system,Implemented,Regional,Yes,Yes,"P2P, P2M, B2B",RTGS,Central Bank,Yes,Yes,Yes,2024- 2321 (including non-Euro members),NA,NA,Yes,NA,Yes,NA,NA
Luxembourg,01/10/24,1,TIPS (Target Instant Payment Settlement),https://www.ecb.europa.eu/paym/target/tips/html/index.en.html,Yes,Interbank payment system,Implemented,Regional,Yes,Yes,"P2P, P2M, B2B",RTGS,Central Bank,Yes,Yes,Yes,2024- 2321 (including non-Euro members),NA,NA,Yes,NA,NA,NA,NA
Malta,01/10/24,1,TIPS (Target Instant Payment Settlement),https://www.ecb.europa.eu/paym/target/tips/html/index.en.html,Yes,Interbank payment system,Implemented,Regional,Yes,Yes,"P2P, P2M, B2B",RTGS,Central Bank,Yes,Yes,Yes,2024- 2321 (including non-Euro members),NA,NA,Yes,NA,Yes,NA,NA
Moldova,01/10/24,1,MIA (Instant payment system),https://mpay.gov.md/,Yes,Cross-domain payment system,Implemented,National,NA,Yes,"P2P, P2M, B2B. P2G, G2P",RTGS,Central Bank,Yes,Yes,NA,2024- 14,2024- 5.6 M,2024- 100 K,Yes,NA,NA,MIA- free up to 10k MDL,Yes
Moldova,26/06/25,1,MPay,https://mpay.gov.md/,Yes,Cross-domain payment system,Implemented,National,NA,Yes,"P2P, P2M, B2B. P2G, G2P",DNS,Central Bank,Yes,Yes,NA,NA,2023- 37 M,2023- 1.3 B,Yes,NA,NA,MIA- free up to 10k MDL,NA
Monaco,01/10/24,1,TIPS (Target Instant Payment Settlement),https://www.ecb.europa.eu/paym/target/tips/html/index.en.html,Yes,Interbank payment system,Implemented,Regional,Yes,Yes,"P2P, P2M, B2B",RTGS,Central Bank,Yes,Yes,Yes,2024- 2321 (including non-Euro members),NA,NA,Yes,NA,Yes,NA,NA
Montenegro,01/10/24,1,Interbank payments system,https://www.cbcg.me/en/core-functions/payment-system/cbcg-payment-system,Yes,Interbank payment system,Implemented,National,Yes,NA,"P2P, P2M, B2B",RTGS,Central Bank,Yes,No,NA,NA,NA,NA,NA,NA,Yes,NA,NA
Netherlands,01/10/24,1,TIPS (Target Instant Payment Settlement),https://www.ecb.europa.eu/paym/target/tips/html/index.en.html,Yes,Interbank payment system,Implemented,Regional,Yes,Yes,"P2P, P2M, B2B",RTGS,Central Bank,Yes,Yes,Yes,2024- 2321 (including non-Euro members),NA,NA,Yes,NA,NA,NA,NA
North Macedonia,01/10/24,1,Interbank payment system,https://www.nbrm.mk/makedonska_platiezhna_infrastruktura-en.nspx,Yes,Interbank payment system,Implemented,National,Yes,NA,"P2P, P2M, B2B",RTGS,Central Bank,Yes,No,NA,NA,NA,NA,NA,NA,NA,NA,NA
Norway,01/10/24,1,TIPS (Target Instant Payment Settlement),https://www.ecb.europa.eu/paym/target/tips/html/index.en.html,Yes,Interbank payment system,Implemented,Regional,Yes,Yes,"P2P, P2M, B2B",RTGS,Central Bank,Yes,Yes,Yes,2024- 2321 (including non-Euro members),NA,NA,Yes,NA,Yes,NA,NA
Poland,01/10/24,1,TIPS (Target Instant Payment Settlement),https://www.ecb.europa.eu/paym/target/tips/html/index.en.html,Yes,Interbank payment system,Implemented,Regional,Yes,Yes,"P2P, P2M, B2B",RTGS,Central Bank,Yes,Yes,Yes,2024- 2321 (including non-Euro members),NA,NA,Yes,NA,Yes,NA,NA
Portugal,01/10/24,1,TIPS (Target Instant Payment Settlement),https://www.ecb.europa.eu/paym/target/tips/html/index.en.html,Yes,Interbank payment system,Implemented,Regional,Yes,Yes,"P2P, P2M, B2B",RTGS,Central Bank,Yes,Yes,Yes,2024- 2321 (including non-Euro members),NA,NA,Yes,NA,Yes,NA,NA
Romania,01/10/24,1,TIPS (Target Instant Payment Settlement),https://www.ecb.europa.eu/paym/target/tips/html/index.en.html,Yes,Interbank payment system,Implemented,Regional,Yes,Yes,"P2P, P2M, B2B",RTGS,Central Bank,Yes,Yes,Yes,2024- 2321 (including non-Euro members),NA,NA,Yes,NA,Yes,NA,NA
Russian Federation,01/10/24,1,Faster payment system/ SBP (instant payment system),https://www.cbr.ru/eng/psystem/sfp/,Yes,Interbank payment system,Implemented,National,Yes,Yes,"P2P, P2M, B2B",RTGS,Central Bank,Yes,No,NA,2024- 220,2024- 18 B,2024- 92 M,NA,NA,Yes,Free up to 10k roubles a month,Yes
San Marino,01/10/24,1,TIPS (Target Instant Payment Settlement),https://www.ecb.europa.eu/paym/target/tips/html/index.en.html,Yes,Interbank payment system,Implemented,Regional,Yes,Yes,"P2P, P2M, B2B",RTGS,Central Bank,Yes,Yes,Yes,2024- 2321 (including non-Euro members),NA,NA,Yes,NA,Yes,NA,NA
Serbia,01/10/24,0,Instant Payments Serbia,https://ips.nbs.rs/en,No,Interbank payment system,NA,National,NA,Yes,"P2P, P2B, P2G, B2P, B2B, B2G",RTGS,Central Bank,Yes,Yes,NA,2024- 22,2023- 6.7 B,2023- 66 M,NA,NA,Yes,"RSD 4 per P2P, RSD 1-2 per P2M",Yes
Slovakia,01/10/24,1,TIPS (Target Instant Payment Settlement),https://www.ecb.europa.eu/paym/target/tips/html/index.en.html,Yes,Interbank payment system,Implemented,Regional,Yes,Yes,"P2P, P2M, B2B",RTGS,Central Bank,Yes,Yes,Yes,2024- 2321 (including non-Euro members),NA,NA,Yes,NA,Yes,NA,NA
Slovenia,01/10/24,1,TIPS (Target Instant Payment Settlement),https://www.ecb.europa.eu/paym/target/tips/html/index.en.html,Yes,Interbank payment system,Implemented,Regional,Yes,Yes,"P2P, P2M, B2B",RTGS,Central Bank,Yes,Yes,Yes,2024- 2321 (including non-Euro members),NA,NA,Yes,NA,Yes,NA,NA
Spain,01/10/24,1,TIPS (Target Instant Payment Settlement),https://www.ecb.europa.eu/paym/target/tips/html/index.en.html,Yes,Interbank payment system,Implemented,Regional,Yes,Yes,"P2P, P2M, B2B",RTGS,Central Bank,Yes,Yes,Yes,2024- 2321 (including non-Euro members),NA,NA,Yes,NA,Yes,NA,NA
Sweden,01/10/24,1,TIPS (Target Instant Payment Settlement),https://www.ecb.europa.eu/paym/target/tips/html/index.en.html,Yes,Interbank payment system,Implemented,Regional,Yes,Yes,"P2P, P2M, B2B",RTGS,Central Bank,Yes,Yes,Yes,2024- 2321 (including non-Euro members),NA,NA,Yes,NA,NA,NA,NA
Switzerland,31/03/25,1,SIC5,https://www.six-group.com/en/newsroom/media-releases/2024/20240821-instant-payment-six-snb.html,Yes,Interbank payment system,Implemented,Regional,Yes,Yes,"P2P, P2M, B2B",RTGS,Central Bank,Yes,Yes,Yes,2024- 2321 (including non-Euro members),NA,NA,Yes,NA,Yes,NA,NA
Ukraine,01/10/24,1,TIPS (Target Instant Payment Settlement),https://www.ecb.europa.eu/paym/target/tips/html/index.en.html,Yes,Interbank payment system,Implemented,Regional,Yes,Yes,"P2P, P2M, B2B",RTGS,Central Bank,Yes,Yes,Yes,2024- 2321 (including non-Euro members),NA,NA,Yes,NA,NA,NA,NA
United Kingdom of Great Britain and Northern Ireland,01/10/24,1,TIPS (Target Instant Payment Settlement),https://www.ecb.europa.eu/paym/target/tips/html/index.en.html,Yes,Interbank payment system,Implemented,Regional,Yes,Yes,"P2P, P2M, B2B",RTGS,Central Bank,Yes,Yes,Yes,2024- 2321 (including non-Euro members),NA,NA,Yes,NA,Yes,NA,NA
Vatican City,01/10/24,1,TIPS (Target Instant Payment Settlement),https://www.ecb.europa.eu/paym/target/tips/html/index.en.html,Yes,Interbank payment system,Implemented,Regional,Yes,Yes,"P2P, P2M, B2B",RTGS,Central Bank,Yes,Yes,Yes,2024- 2321 (including non-Euro members),NA,NA,Yes,NA,NA,NA,NA
Argentina,01/10/24,0,Sistema Nacional de Pagos – Transferencias,https://www.bcra.gob.ar/Noticias/Transferencias-3-0-puesta-en-marcha.asp,Yes,Cross-domain payment system,Implemented,National,NA,Yes,"P2P, P2M, B2B",MN,Commercial bank/ Private PSP,Yes,Yes,Yes,2022- 68,2022- 2064 B,2022- 7816 M,Yes,NA,Yes,Capped at 0.8% of transaction costs,Yes
Belize,01/10/24,1,Interbank payment system APSSS,https://www.centralbank.org.bz/home/core-functions/payment-and-settlement/automated-payment-and-securities-settlement-system-(apsss),Yes,Interbank payment system,Implemented,National,Yes,NA,"P2P, P2M, B2B",RTGS,Central Bank,Yes,No,NA,NA,2024- 45 M,2024- 270 K,NA,Yes,Yes,"0.25 USD per transaction (real-time), HIgher for EFTs of highter amounts",NA
Belize,01/10/24,0,Mobile money,https://www.centralbank.org.bz/home/core-functions/payment-and-settlement/automated-payment-and-securities-settlement-system-(apsss),Yes,Mobile money,Implemented,National,Yes,NA,"P2P, P2M, B2B",RTGS,Private PSP,No,Yes,NA,NA,NA,NA,NA,Yes,Yes,NA,NA
Bolivia,01/10/24,1,QR BCB/ $imple,https://www.bcb.gob.bo/?q=pagos_qr_bcb_bolivia,Yes,Cross-domain payment system,Implemented,National,NA,Yes,NA,NA,Central Bank,Yes,No,NA,NA,So far only accessible to accounts under Central Bank but meant to be interoprable among all bank and non bank financial institutions,NA,NA,NA,Yes,NA,NA
Brazil,01/10/24,1,Pix,https://www.bcb.gov.br/en/financialstability/pix_en,Yes,Cross-domain payment system,Implemented,National,NA,Yes,"P2P, P2M, B2B, G2P, P2G",RTGS,Central Bank,Yes,Yes,Yes,2022- 792,2022- 1834 B,2022- 20354 M,Yes,Yes,Yes,0 for individuals (set by regulator). 0.22% for retail transactions.,Yes
"Central America, Caribbean",01/10/24,0,Payment Interconnection System (SIPA),https://www.bancentral.gov.do/a/d/2549-sistema-de-interconexion-de-pagos-sipa,Yes,Interbank payment system,Implemented,Regional,Yes,NA,NA,NA,NA,NA,NA,NA,NA,NA,NA,NA,NA,NA,"Cost of transfers is US$5.00, paid only by the client who originated the payment at the time of requesting the transfer.",NA
Chile,01/10/24,1,Transferencias en Línea (TEF),https://fastpayments.worldbank.org/sites/default/files/2021-09/World_Bank_FPS_Chile_TEF_Case_Study.pdf,Yes,Cross-domain payment system,Implemented,National,NA,NA,"P2P, P2M",DNS,Central Bank,Yes,Yes,NA,2021- 14,Launched in 2008 with steady growth in transaction volumes (CAGR 21.24% in last 5 years),2019- 529 M,NA,No,Yes,NA,No
Colombia,26/06/25,0,Transfiya,https://www.transfiya.com.co/home,Yes,Mobile money,Implemented,National,NA,Yes,"P2P, P2M, B2B",NA,Private PSP,Yes,Yes,NA,NA,2022- 213 M,2022- 10 M,NA,NA,Yes,NA,Yes
Colombia,09/12/25,1,Bre-B Instant payment system,https://www.banrep.gov.co/es/bre-b,Yes,Cross-domain payment system,Implemented,National,NA,Yes,"P2P, P2M, B2B, B2P",RTGS,Central Bank,Yes,Yes,Yes,2025- 33 M,2025 - 152 K,2025-167 M,NA,NA,Yes,NA,Yes
Costa Rica,01/10/24,1,Sinpe (National System of Electronic Payments),https://www.bccr.fi.cr/en/payments-system/general-information,Yes,Interbank payment system,Implemented,National,Yes,NA,"P2P, P2M, P2G",NA,Central Bank,Yes,Yes,NA,NA,2020- 1.6 B,2021- 230 M,NA,NA,Yes,NA,NA
Ecuador,01/10/24,1,Interbank payment system,https://www.bce.fin.ec/en/press-release/in-ecuador-the-number-of-transactions-through-digital-means-of-payment-doubled-between-2019-and-2022,Yes,Interbank payment system,Implemented,National,Yes,NA,"P2P, P2M, B2B",RTGS,Central Bank,NA,No,NA,NA,2022- 70.6 M,2022- USD 20.34 B,NA,NA,Yes,Free,NA
El Salvador,01/10/24,1,Transfer 365,https://www.bcr.gob.sv/sistema-de-pagos-masivos/,Yes,Interbank payment system,Implemented,National,Yes,NA,"P2P, B2B, G2P",ACH,Central Bank,Yes,Yes,NA,2021- 26,2022- 9.7 M,2022- 7.79 M,NA,NA,Yes,NA,NA
El Salvador,01/10/24,0,Chivo Wallet (CBDC),https://insights.som.yale.edu/insights/el-salvador-adopted-bitcoin-as-an-official-currency-salvadorans-mostly-shrugged,Yes,CBDC,Planned/Piloted,National,Yes,NA,"P2P, B2B, G2P",ACH,Central Bank,Yes,Yes,NA,NA,2022- 9.7 M,2022- 7.79 M,NA,NA,Yes,NA,NA
French Guiana,01/10/24,0,NA,NA,No,NA,NA,National,NA,NA,NA,NA,NA,NA,NA,NA,NA,NA,NA,NA,NA,NA,NA,NA
Guatemala,01/10/24,0,NA,NA,No,NA,NA,National,NA,NA,NA,NA,NA,NA,NA,NA,NA,NA,NA,NA,NA,Yes,NA,NA
Guyana,01/10/24,1,Interbank payment system,https://www.bankofguyana.org.gy/bog/images/national_payment_systems/NPS%20FAQs.pdf,Yes,Interbank payment system,Implemented,National,Yes,NA,"P2P, P2M, B2B","RTGS, ACH",Central Bank,Yes,No,NA,NA,NA,NA,NA,NA,NA,NA,NA
Guyana,01/10/24,0,Mobile money,https://www.bankofguyana.org.gy/bog/images/national_payment_systems/NPS%20FAQs.pdf,Yes,Mobile money,Implemented,National,Yes,NA,"P2P, P2M, B2B","RTGS, ACH",Private PSP,No,Yes,NA,NA,NA,NA,NA,NA,NA,NA,NA
Honduras,01/10/24,0,Mobile money,https://www.electronicpaymentsinternational.com/news/aci-worldwide-redabierta-payments-honduras/,No,Mobile money,Planned/Piloted,National,NA,NA,NA,NA,NA,NA,NA,NA,NA,NA,NA,NA,NA,Yes,NA,NA
Mexico,01/10/24,1,CoDI,https://www.codi.org.mx/,Yes,Cross-domain payment system,Implemented,National,NA,Yes,"P2P, P2M, B2B, G2P",MN,Central Bank,Yes,Yes,Yes,2022- 85,2022- 16201 B,2022- 2792 M,Yes,NA,Yes,NA,Yes
Nicaragua,01/10/24,0,NA,NA,No,NA,NA,National,NA,NA,NA,NA,NA,NA,NA,NA,NA,NA,NA,NA,NA,NA,NA,NA
Panama,01/10/24,0,NA,NA,No,NA,NA,National,NA,NA,NA,NA,NA,NA,NA,NA,NA,NA,NA,NA,NA,Yes,NA,NA
Paraguay,01/10/24,1,SIPAP (Sistema de Pagos de Paraguay),https://www.bnf.gov.py/servicio-sipap-sistemas-de-pagos-del-paraguay-,Yes,Cross-domain payment system,Implemented,National,NA,Yes,"P2P, P2M, B2B",RTGS,Central Bank,Yes,No,Yes,NA,NA,NA,NA,NA,NA,NA,NA
Peru,01/10/24,0,Mobile money,https://mibim.pe/,Yes,Mobile money,Implemented,National,NA,Yes,"P2P, P2M",RTGS,Bank association,No,Yes,NA,NA,NA,NA,NA,Yes,NA,NA,NA
Peru,02/10/24,1,CBDC,https://www.ledgerinsights.com/peru-awards-contract-for-first-retail-cbdc-pilot/,Yes,CBDC,Implemented,National,NA,Yes,"P2P, P2M",RTGS,Central Bank,Yes,Yes,NA,NA,NA,NA,NA,Yes,NA,NA,NA
Suriname,01/10/24,0,NA,NA,No,NA,NA,National,NA,NA,NA,NA,NA,NA,NA,NA,NA,NA,NA,NA,NA,NA,NA,NA
Uruguay,01/10/24,0,NA,NA,No,NA,NA,National,NA,NA,NA,NA,NA,NA,NA,NA,NA,NA,NA,NA,NA,NA,NA,NA
Venezuela,01/10/24,0,NA,NA,No,NA,NA,National,NA,NA,NA,NA,NA,NA,NA,NA,NA,NA,NA,NA,NA,NA,NA,NA
Armenia,01/10/24,0,Interbank payment system,https://www.cba.am/en/sitepages/pspspaymentsettlementsystems.aspx,No,Interbank payment system,NA,National,Yes,NA,NA,RTGS,NA,NA,No,NA,NA,NA,NA,NA,NA,Yes,NA,NA
Azerbaijan,01/10/24,1,"Anipay (instant payment system), Interbank payment system, government payment portal",https://anipay.az/about,Yes,Cross-domain payment system,Implemented,National,Yes,NA,"P2P, P2M, G2P, P2G, B2B",RTGS,Central Bank,Yes,"Yes, No",Yes,2024- 19,Anipay 2024- 330 M,Anipay 2024- 423 K,Yes,Yes,Yes,NA,Yes
Bahrain,01/10/24,1,"Fawri+(instant payment system), Interbank payment system",https://benefit.bh/others/fawri-plus/,Yes,Cross-domain payment system,Implemented,National,Yes,NA,"P2P, P2M, B2B",RTGS,Central Bank,Yes,NA,NA,2023- 23,2023- 19.3 B,2023- 334 M,NA,Yes,Yes,"Variable, free up to 100 BD, then 0.1 BD up to 1000 BD",Yes
Cyprus,01/10/24,1,TIPS (Target Instant Payment Settlement),https://www.ecb.europa.eu/paym/target/tips/html/index.en.html,Yes,Interbank payment system,Implemented,Regional,Yes,Yes,"P2P, P2M, B2B",RTGS,Central Bank,Yes,Yes,Yes,2024- 2321 (including non-Euro members),NA,NA,Yes,NA,Yes,NA,NA
Georgia,01/10/24,0,Instant payment system,https://nbg.gov.ge/en/page/project,No,Cross-domain payment system,Planned/Piloted,National,NA,NA,NA,RTGS,Central Bank,NA,NA,NA,NA,NA,NA,NA,NA,NA,NA,NA
Iraq,01/10/24,0,Mobile wallets,NA,Yes,Mobile money,Implemented,National,NA,NA,"P2P, P2M, P2G",NA,Private PSP,No,Yes,NA,NA,NA,NA,NA,NA,NA,NA,Yes
Israel,01/10/24,1,Interbank payments system,https://www.boi.org.il/en/economic-roles/payment-systems/payment-systems-in-israel/the-zahav-rtgs-system/,Yes,Interbank payment system,Implemented,National,Yes,NA,"P2P, B2B",RTGS,Central Bank,Yes,No,NA,NA,NA,NA,NA,NA,Yes,NA,NA
Jordan,01/10/24,0,CliQ (IPS),https://www.jopacc.com/what-we-do/services-products/cliq-services,Yes,Interbank payment system,Implemented,National,Yes,Yes,"P2P, P2M, B2B, P2G, G2P",RTGS,Bank association,Yes,Yes,NA,NA,2023- 7.2 B (Cliq),2023- 30.2 M (Cliq),NA,Yes,Yes,"Cliq is only free for most, not all banks.",Yes
Jordan,01/10/24,0,JoMoPay (Mobile wallet),https://www.cbj.gov.jo/EN/Pages/Mobile_Payment_Service_JoMoPay,Yes,Mobile wallet,Implemented,National,Yes,Yes,"P2P, P2M, B2B, P2G, G2P",RTGS,Bank association,Yes,Yes,NA,NA,2023- 7.2 B (Cliq),2023- 30.2 M (Cliq),NA,Yes,Yes,"Cliq is only free for most, not all banks.",Yes
Kuwait,01/10/24,1,WAMD (instant payment system),https://www.cbk.gov.kw/en/payment-systems/local-payment-systems/real-time-settle-kassip,Yes,Cross-domain payment system,Implemented,National,Yes,NA,"P2P, B2B",RTGS,Central Bank,Yes,Yes,NA,NA,NA,NA,NA,Yes,Yes,NA,NA
Kuwait,26/06/25,1,Interbank payment system (KASSIP),https://www.cbk.gov.kw/en/payment-systems/local-payment-systems/real-time-settle-kassip,Yes,Cross-domain payment system,Implemented,National,Yes,NA,"P2P, B2B",RTGS,Central Bank,Yes,Yes,NA,NA,NA,NA,NA,Yes,Yes,NA,NA
Lebanon,01/10/24,0,Interbank payment system,https://www.bdl.gov.lb/paymentsystemoverview.php,No,Interbank payment system,NA,National,Yes,NA,NA,RTGS,Central Bank,NA,No,NA,NA,NA,NA,NA,NA,Yes,NA,NA
Middle East,01/10/24,0,Afaq (Arabian Gulf System for Financial Automated Quick Payment Transfer),https://www.gulf-payments.com/,No,Interbank payment system,Implemented,Regional,Yes,NA,"P2P, B2B",RTGS,Bank association,Yes,No,Yes,2024- 5,NA,NA,NA,NA,NA,NA,NA
Oman,01/10/24,1,Interbank payment system,https://cbo.gov.om/Pages/PaymentSystemReforms.aspx,Yes,"Interbank payment system, Mobile wallet",Implemented,National,Yes,NA,NA,RTGS,Central Bank,NA,No,NA,NA,NA,NA,NA,NA,Yes,NA,NA
Oman,26/06/25,0,Mobile money,https://cbo.gov.om/Pages/PaymentSystemReforms.aspx,Yes,"Interbank payment system, Mobile wallet",Implemented,National,Yes,NA,NA,RTGS,Private PSP,NA,No,NA,NA,NA,NA,NA,NA,Yes,NA,NA
Qatar,01/10/24,1,Fawran,https://www.qnb.com/sites/qnb/qnbqatar/page/en/enfawran.html,Yes,Interbank payment system,Implemented,National,NA,Yes,"P2P, P2M",RTGS,Central Bank,Yes,No,Yes,2024- 8,NA,NA,Yes,Yes,NA,NA,NA
Saudi Arabia,01/10/24,1,sarie (instant payment system),https://sarie.sa/en,Yes,Interbank payment system,Implemented,National,NA,NA,"P2P, P2M, B2B",RTGS,Central Bank,Yes,No,Yes,2024- 11,2019- 157 M,2019- 12.7 B,Yes,Yes,Yes,NA,NA
State of Palestine,01/10/24,1,Interbank payment system,https://pdf.usaid.gov/pdf_docs/PA021266.pdf,Yes,Interbank payment system,Implemented,National,Yes,NA,NA,RTGS,Central Bank,NA,No,NA,NA,NA,NA,NA,NA,Yes,NA,NA
Syria,01/10/24,0,Mobile wallets,NA,Yes,Mobile money,Implemented,National,NA,NA,P2P,NA,Private PSP,No,Yes,NA,NA,NA,NA,NA,NA,Yes,NA,NA
Turkey,01/10/24,1,FAST (Instant payment system),https://fast.tcmb.gov.tr/,Yes,Cross-domain payment system,Implemented,National,Yes,Yes,"P2P, P2M, B2B",RTGS,Central Bank,Yes,Yes,Yes,NA,NA,NA,Yes,NA,NA,NA,Yes
United Arab Emirates,01/10/24,1,Aani (instant payment system),https://aletihadpayments.ae/en/aani,Yes,Cross-domain payment system,Implemented,National,Yes,NA,"P2P, P2M, B2B",RTGS,Central Bank,Yes,NA,NA,2024- 8,NA,NA,NA,NA,Yes,NA,NA
Yemen,15/07/25,0,Yemen Financial Market Infrastructure Project,https://documents1.worldbank.org/curated/en/099052825174515006/pdf/BOSIB-524dd7c7-d52c-4876-80ed-1e3ea9df2463.pdf,Yes,Interbank payment system,Planned/Piloted,National,NA,NA,"P2P, P2M",NA,Bank association,Yes,Yes,NA,NA,NA,NA,NA,NA,Yes,NA,NA
Antarctica,01/10/24,0,NA,NA,No,NA,NA,National,NA,NA,NA,NA,NA,NA,NA,NA,NA,NA,NA,NA,NA,NA,NA,NA
Canada,01/10/24,0,Real-Time Rail System,https://www.payments.ca/systems-services/payment-systems/real-time-rail-payment-system,No,Cross-domain payment system,Planned/Piloted,National,NA,NA,"P2P, P2M, B2B",RTGS,Bank association,Yes,Yes,Yes,NA,NA,NA,Yes,Yes,Yes,NA,NA
Canada,26/06/25,0,Lynx (Interbank payment system),https://www.payments.ca/systems-services/payment-systems/high-value-payment-system-lynx,No,Interbank payment system,Planned/Piloted,National,NA,NA,"P2P, P2M, B2B",NA,Bank association,Yes,No,Yes,NA,2023- 103 M,2023- 13.1 M,Yes,Yes,Yes,NA,NA
Greenland,01/10/24,0,TIPS (Target Instant Payment Settlement),https://www.ecb.europa.eu/paym/integration/retail/sepa/html/index.en.html,Yes,Cross-domain payment system,Implemented,National,Yes,NA,"P2P, P2B, P2G, B2P, B2B, B2G",RTGS,Commercial bank/ Private PSP,Yes,No,NA,2024- 60,2024- 70 B,2024- 554 K,Yes,Yes,NA,NA,NA
Greenland,26/06/25,0,Mobile money,https://www.ecb.europa.eu/paym/integration/retail/sepa/html/index.en.html,Yes,Mobile money,Implemented,National,Yes,NA,"P2P, P2B, P2G, B2P, B2B, B2G",NA,Commercial bank/Private PSP,Yes,Yes,Yes,NA,NA,NA,Yes,Yes,NA,Free for individuals,NA
United States of America,01/10/24,1,FedNow,https://www.frbservices.org/financial-services/fednow,Yes,Cross-domain payment system,Implemented,National,NA,NA,"P2P, P2M",RTGS,Central Bank,Yes,Yes,Yes,2024- 930,NA,NA,No,Yes,NA,Individuals- 0.05-1 cent; PSPs- monthly fee (USD 25),No
Australia,01/10/24,0,New Payments Platform,https://www.auspayplus.com.au/brands/nppa,Yes,Cross-domain payment system,Implemented,National,NA,NA,"P2P, P2M, B2B",Distributed settlement,NA,Yes,Yes,Yes,2024- >100,NA,NA,Yes,Yes,Yes,Multiple pricing modes,Yes
Fiji,10/02/25,1,Interbank payment system,https://www.montran.com/resources/the-reserve-bank-of-fiji-announces-the-go-live-of-the-new-national-payment-systems-automated-clearing-house/,Yes,Interbank payment system,Implemented,National,Yes,NA,"P2P, P2M","RTGS, ACH",Central Bank,Yes,No,NA,NA,NA,NA,NA,Yes,Yes,NA,Yes
Kiribati,01/10/24,0,NA,NA,No,NA,NA,National,NA,NA,NA,NA,NA,NA,NA,NA,NA,NA,NA,NA,NA,Yes,NA,NA
Marshall Islands,01/10/24,0,NA,NA,No,NA,NA,National,NA,NA,NA,NA,NA,NA,NA,NA,NA,NA,NA,NA,NA,Yes,NA,NA
Micronesia (Federated States of),01/10/24,0,NA,NA,No,NA,NA,National,NA,NA,NA,NA,NA,NA,NA,NA,NA,NA,NA,NA,NA,Yes,NA,NA
Nauru,01/10/24,0,NA,NA,No,NA,NA,National,NA,NA,NA,NA,NA,NA,NA,NA,NA,NA,NA,NA,NA,Yes,NA,NA
New Zealand,01/10/24,0,NA,NA,No,NA,NA,National,NA,NA,NA,NA,NA,NA,NA,NA,NA,NA,NA,NA,NA,NA,NA,NA
Palau,01/10/24,0,NA,NA,No,NA,NA,National,NA,NA,NA,NA,NA,NA,NA,NA,NA,NA,NA,NA,NA,Yes,NA,NA
Papua New Guinea,01/10/24,1,Interbank payment system,"https://www.bankpng.gov.pg/payment-system/kats-monthly-statistics/#:~:text=The%20Bank%20of%20Papua%20New%20Guinea%20introduced%20the%20Kina%20Automated,the%20banks%20and%20their%20customers.",Yes,Interbank payment system,Implemented,National,Yes,NA,"P2P, P2M, B2B",RTGS,Central Bank,Yes,No,NA,NA,NA,NA,NA,NA,Yes,NA,NA
Samoa,01/10/24,0,Samoa Finance Sector Resilience and Development Project,"https://www.worldbank.org/en/news/press-release/2024/10/28/samoans-set-to-benefit-from-improved-national-payments-systems-and-first-ever-national-digital-identification-system#:~:text=The%20project%20will%20support%20the,2027",No,NA,Planned/Piloted,National,NA,NA,NA,NA,NA,NA,NA,NA,NA,NA,NA,NA,NA,Yes,NA,NA
Solomon Islands,01/10/24,0,Interbank payment system,https://www.cbsi.com.sb/press-release-06-24-solomon-islands-new-payment-system-to-improve-efficiency-in-payment-and-increase-access-to-banking-support-economypress-release-06-24/,Yes,Interbank payment system,Planned/Piloted,National,Yes,NA,"P2P, P2M, B2B",RTGS,Central Bank,NA,No,NA,NA,NA,NA,NA,NA,Yes,NA,NA
Tonga,01/10/24,0,NA,NA,No,NA,NA,National,NA,NA,NA,NA,NA,NA,NA,NA,NA,NA,NA,NA,NA,Yes,NA,NA
Tuvalu,01/10/24,0,NA,NA,No,NA,NA,National,NA,NA,NA,NA,NA,NA,NA,NA,NA,NA,NA,NA,NA,Yes,NA,NA
Vanuatu,01/10/24,0,Domestic IPS,https://pressroom.ifc.org/all/pages/PressDetail.aspx?ID=27738,Yes,Interbank payment system,Planned/Piloted,National,NA,NA,NA,"RTGS, ACH",NA,NA,NA,NA,NA,NA,NA,NA,NA,Yes,NA,NA

